CustomerID,JoinDate,CancelDate,Age,Gender,Location,SubscriptionType,TotalSpent,BoxesReceived,EngagementScore,PaymentMode
CUST_1179,2024-03-11,2024-04-10,36,Male,Mumbai,Annual,699,1,65,Other
CUST_0866,2025-03-22,2025-05-21,48,Male,Hyderabad,Monthly,1598,2,38,Card
CUST_0102,2022-12-05,2024-04-28,26,Female,Ahmedabad,Monthly,13583,17,69,UPI
CUST_0440,2023-09-03,,51,Female,Hyderabad,Monthly,20774,26,74,PayPal
CUST_0059,2025-04-02,,21,Male,Chennai,Annual,4893,7,73,Card
CUST_1121,2024-08-12,,33,Male,Delhi,Quarterly,10486,14,78,Card
CUST_0324,2024-07-28,,50,Male,Kolkata,Quarterly,11235,15,70,Card
CUST_0975,2023-10-20,,57,Male,Hyderabad,Monthly,19176,24,61,UPI
CUST_0412,2024-04-25,,39,Female,Mumbai,Monthly,14382,18,67,Card
CUST_0856,2023-04-18,,23,Male,Delhi,Quarterly,22470,30,64,Card
CUST_0821,2025-09-10,2025-10-10,54,Male,Chennai,Quarterly,749,1,61,Card
CUST_0045,2022-11-04,,19,Male,Lucknow,Annual,25164,36,70,Other
CUST_0050,2023-10-26,,52,Male,Delhi,Monthly,19176,24,60,Card
CUST_0850,2025-07-06,,51,Female,Pune,Quarterly,2247,3,51,Card
CUST_0241,2023-07-11,,24,Male,Mumbai,Monthly,22372,28,0,Card
CUST_0171,2023-09-18,,54,Female,Ahmedabad,Monthly,19975,25,97,UPI
CUST_0524,2023-07-22,,36,Female,Ahmedabad,Monthly,21573,27,49,Other
CUST_0766,2025-04-02,,20,Female,Ahmedabad,Monthly,5593,7,76,Card
CUST_0839,2024-09-25,,53,Female,Jaipur,Quarterly,9737,13,64,Card
CUST_0424,2023-11-14,,47,Male,Mumbai,Monthly,18377,23,77,Other
CUST_0381,2024-04-05,,56,Male,Lucknow,Monthly,15181,19,61,Other
CUST_0610,2023-02-14,,52,Female,Pune,Quarterly,24717,33,45,Other
CUST_0677,2023-04-13,,23,Male,Pune,Monthly,24769,31,67,Card
CUST_0345,2025-07-13,,60,Male,Kolkata,Monthly,2397,3,69,UPI
CUST_0110,2025-07-28,2025-10-26,52,Female,Lucknow,Monthly,2397,3,53,Card
CUST_0278,2024-03-17,,50,Male,Mumbai,Annual,13281,19,59,UPI
CUST_0678,2025-02-16,,45,Female,Pune,Monthly,6392,8,67,UPI
CUST_0571,2022-11-16,,18,Female,Bengaluru,Monthly,28764,36,72,Card
CUST_0359,2022-12-12,,33,Female,Chennai,Quarterly,26215,35,65,Card
CUST_0599,2025-04-16,,42,Female,Delhi,Monthly,4794,6,61,Other
CUST_0391,2023-02-09,2023-11-06,47,Female,Delhi,Monthly,7191,9,24,Card
CUST_0894,2023-01-05,,37,Male,Delhi,Monthly,27166,34,41,Card
CUST_0693,2024-02-23,,31,Male,Chennai,Quarterly,14980,20,70,Card
CUST_0728,2025-03-03,,47,Male,Lucknow,Monthly,6392,8,50,Card
CUST_0363,2025-04-12,,32,Female,Ahmedabad,Monthly,4794,6,57,Card
CUST_0597,2024-07-22,,30,Female,Kolkata,Monthly,11985,15,46,PayPal
CUST_0428,2023-04-24,,43,Other,Pune,Annual,20970,30,75,Card
CUST_0071,2023-12-15,,40,Female,Hyderabad,Quarterly,16478,22,47,Card
CUST_0322,2023-12-06,,49,Male,Hyderabad,Monthly,18377,23,82,Card
CUST_0653,2023-02-11,,35,Female,Jaipur,Monthly,26367,33,48,UPI
CUST_1066,2025-05-28,2025-09-25,40,Female,Hyderabad,Monthly,3196,4,31,Card
CUST_0108,2025-10-04,,41,Male,Ahmedabad,Monthly,799,1,58,Card
CUST_1109,2024-05-14,,24,Female,Kolkata,Annual,11883,17,62,Card
CUST_0356,2024-04-24,,37,Female,Mumbai,Monthly,14382,18,73,Other
CUST_0951,2023-01-06,,36,Female,Hyderabad,Monthly,27166,34,51,UPI
CUST_0343,2025-02-20,,50,Male,Ahmedabad,Quarterly,5992,8,43,UPI
CUST_0355,2023-04-20,2024-08-12,53,Female,Bengaluru,Monthly,12784,16,52,UPI
CUST_0024,2025-08-10,,50,Female,Delhi,Quarterly,1498,2,68,Card
CUST_0044,2022-11-08,,43,Female,Ahmedabad,Monthly,28764,36,42,UPI
CUST_0244,2024-06-09,,19,Male,Bengaluru,Quarterly,12733,17,73,Card
CUST_0738,2023-01-15,,34,Male,Lucknow,Monthly,27166,34,51,Card
CUST_1136,2023-08-20,,20,Female,Jaipur,Monthly,20774,26,74,UPI
CUST_0368,2025-02-22,,40,Female,Delhi,Monthly,6392,8,55,Card
CUST_0164,2025-04-08,,58,Female,Jaipur,Monthly,4794,6,89,Card
CUST_1116,2023-03-11,,49,Male,Ahmedabad,Monthly,25568,32,34,UPI
CUST_0333,2023-10-10,,49,Female,Kolkata,Quarterly,18725,25,89,Card
CUST_0989,2025-07-26,2025-09-24,44,Female,Jaipur,Monthly,1598,2,11,UPI
CUST_1173,2024-01-15,,24,Male,Chennai,Annual,14679,21,68,Card
CUST_1002,2023-10-12,,27,Male,Bengaluru,Monthly,19975,25,39,Card
CUST_0378,2024-07-19,,50,Male,Delhi,Quarterly,11235,15,48,Card
CUST_0310,2025-06-15,2025-09-13,47,Female,Lucknow,Monthly,2397,3,35,Other
CUST_0156,2025-07-02,,28,Female,Chennai,Monthly,3196,4,65,Card
CUST_0211,2023-07-22,2024-09-14,50,Female,Bengaluru,Quarterly,10486,14,20,Card
CUST_0087,2024-04-16,,18,Female,Hyderabad,Monthly,14382,18,72,Card
CUST_0169,2024-11-09,,44,Female,Ahmedabad,Monthly,8789,11,42,Card
CUST_0995,2024-03-14,,44,Female,Ahmedabad,Monthly,15181,19,51,Card
CUST_0052,2024-10-02,,34,Female,Bengaluru,Quarterly,9737,13,72,Card
CUST_0439,2024-05-23,2025-08-16,53,Male,Chennai,Monthly,11985,15,36,Card
CUST_0550,2023-11-07,,60,Female,Pune,Monthly,19176,24,86,Card
CUST_0491,2023-07-18,,42,Female,Bengaluru,Monthly,21573,27,55,PayPal
CUST_0426,2025-04-05,,29,Female,Delhi,Monthly,5593,7,63,Card
CUST_0136,2025-02-17,,47,Male,Ahmedabad,Annual,5592,8,40,Other
CUST_1192,2024-10-11,,40,Male,Kolkata,Monthly,9588,12,48,Card
CUST_0055,2024-12-11,,21,Male,Jaipur,Monthly,7990,10,54,PayPal
CUST_0079,2024-11-17,,58,Male,Jaipur,Monthly,8789,11,67,Card
CUST_0431,2025-10-06,,56,Female,Lucknow,Quarterly,749,1,48,Card
CUST_0185,2024-03-07,,34,Female,Jaipur,Monthly,15980,20,85,Card
CUST_0057,2022-11-04,2023-09-30,23,Male,Pune,Monthly,8789,11,30,Card
CUST_0943,2023-07-11,,58,Other,Bengaluru,Monthly,22372,28,45,Card
CUST_0851,2024-12-02,,23,Male,Hyderabad,Quarterly,8239,11,50,UPI
CUST_1164,2023-11-15,,49,Female,Ahmedabad,Monthly,18377,23,52,UPI
CUST_0219,2024-02-04,,36,Male,Hyderabad,Quarterly,15729,21,69,Card
CUST_0845,2025-05-13,,59,Female,Kolkata,Annual,3495,5,58,Card
CUST_0114,2022-11-28,,52,Female,Jaipur,Quarterly,26215,35,43,Card
CUST_0549,2025-01-04,,46,Male,Lucknow,Quarterly,7490,10,34,Card
CUST_1019,2024-09-26,2025-04-24,53,Female,Kolkata,Monthly,5593,7,31,Card
CUST_1073,2024-12-22,,27,Female,Mumbai,Monthly,7990,10,99,Card
CUST_0175,2024-05-18,,32,Male,Jaipur,Monthly,13583,17,72,PayPal
CUST_1023,2024-02-07,,44,Male,Pune,Quarterly,15729,21,52,Card
CUST_0616,2024-07-19,,32,Male,Jaipur,Monthly,11985,15,83,UPI
CUST_0514,2024-06-24,2025-02-19,47,Other,Ahmedabad,Monthly,6392,8,29,Other
CUST_0462,2025-07-19,2025-08-18,54,Female,Pune,Monthly,799,1,100,Card
CUST_0287,2024-08-25,,34,Male,Delhi,Monthly,11186,14,69,Card
CUST_0382,2025-10-02,,21,Female,Chennai,Monthly,799,1,76,UPI
CUST_1008,2024-10-22,,41,Male,Jaipur,Monthly,9588,12,89,Card
CUST_0671,2023-01-29,,50,Female,Delhi,Monthly,26367,33,54,PayPal
CUST_0535,2025-04-18,,29,Male,Delhi,Annual,4194,6,90,Other
CUST_0910,2024-09-23,2025-02-20,40,Female,Delhi,Monthly,3995,5,18,Card
CUST_0293,2023-08-03,,55,Male,Jaipur,Monthly,21573,27,66,PayPal
CUST_0124,2025-01-25,,56,Female,Kolkata,Quarterly,6741,9,80,Card
CUST_0583,2023-08-06,,27,Female,Ahmedabad,Quarterly,20223,27,91,Card
CUST_0141,2024-06-18,,60,Male,Jaipur,Quarterly,11984,16,92,Card
CUST_0736,2025-07-02,,47,Male,Pune,Quarterly,2996,4,60,UPI
CUST_0082,2023-10-21,,18,Other,Bengaluru,Annual,16776,24,52,Card
CUST_0882,2023-09-09,,19,Female,Kolkata,Quarterly,19474,26,56,Card
CUST_0740,2025-07-07,,46,Male,Delhi,Monthly,2397,3,77,UPI
CUST_1102,2023-06-08,,34,Male,Ahmedabad,Annual,20271,29,77,Card
CUST_0909,2024-08-15,,22,Male,Mumbai,Monthly,11186,14,41,PayPal
CUST_1167,2024-09-27,,21,Male,Mumbai,Quarterly,9737,13,73,PayPal
CUST_0937,2025-07-07,,18,Male,Ahmedabad,Monthly,2397,3,75,Card
CUST_0372,2024-06-05,,39,Female,Bengaluru,Monthly,13583,17,25,Card
CUST_0890,2023-09-30,,21,Other,Jaipur,Monthly,19975,25,63,UPI
CUST_0157,2024-01-16,,45,Female,Chennai,Quarterly,15729,21,90,Other
CUST_0992,2024-09-06,,55,Female,Chennai,Quarterly,10486,14,42,Other
CUST_0622,2023-08-21,,28,Male,Bengaluru,Annual,18174,26,100,UPI
CUST_1038,2024-03-30,,57,Female,Hyderabad,Quarterly,14231,19,59,UPI
CUST_0245,2024-05-11,,18,Female,Kolkata,Quarterly,12733,17,40,Card
CUST_0159,2023-03-30,,56,Female,Chennai,Monthly,24769,31,29,Other
CUST_0746,2025-08-19,,37,Female,Mumbai,Monthly,1598,2,71,Card
CUST_0193,2024-08-27,,18,Female,Pune,Annual,9786,14,69,Other
CUST_0534,2024-10-19,2025-06-16,52,Male,Jaipur,Annual,5592,8,49,PayPal
CUST_0904,2025-02-02,2025-08-31,60,Other,Bengaluru,Monthly,5593,7,63,Card
CUST_1004,2024-02-06,,55,Female,Hyderabad,Monthly,16779,21,40,UPI
CUST_1070,2025-09-18,,38,Female,Mumbai,Monthly,799,1,84,PayPal
CUST_0414,2024-06-29,,20,Male,Chennai,Annual,11184,16,91,Card
CUST_1187,2025-06-06,,37,Female,Ahmedabad,Monthly,3196,4,82,Card
CUST_0328,2023-12-21,,59,Male,Lucknow,Monthly,17578,22,52,UPI
CUST_0129,2025-04-06,,43,Female,Pune,Quarterly,4494,6,80,UPI
CUST_0695,2025-03-15,,18,Male,Pune,Quarterly,5243,7,69,Card
CUST_0631,2024-05-23,,45,Male,Pune,Monthly,13583,17,68,Card
CUST_0275,2024-05-04,,33,Female,Bengaluru,Quarterly,13482,18,63,PayPal
CUST_1148,2024-12-13,,25,Male,Hyderabad,Annual,6990,10,59,Card
CUST_0309,2025-04-05,,45,Female,Kolkata,Quarterly,5243,7,30,Card
CUST_0234,2023-10-15,,45,Male,Pune,Annual,16776,24,24,Card
CUST_1048,2023-12-13,,54,Female,Mumbai,Monthly,17578,22,56,Card
CUST_0623,2023-07-25,,29,Female,Jaipur,Quarterly,20223,27,76,Card
CUST_0644,2025-05-28,2025-07-27,26,Female,Kolkata,Monthly,1598,2,42,UPI
CUST_0479,2022-11-22,,25,Male,Kolkata,Annual,24465,35,56,UPI
CUST_0472,2023-04-01,,29,Female,Delhi,Monthly,24769,31,56,UPI
CUST_0926,2025-05-09,,52,Male,Jaipur,Quarterly,3745,5,69,Card
CUST_1098,2023-12-20,,43,Female,Chennai,Monthly,17578,22,50,Card
CUST_0627,2025-06-09,,25,Female,Delhi,Quarterly,2996,4,39,UPI
CUST_0395,2024-10-01,,45,Female,Mumbai,Quarterly,9737,13,48,UPI
CUST_0637,2024-09-27,,45,Female,Kolkata,Monthly,10387,13,21,PayPal
CUST_0768,2025-08-27,,20,Female,Jaipur,Monthly,1598,2,65,PayPal
CUST_0533,2025-01-23,,22,Other,Kolkata,Monthly,7191,9,64,UPI
CUST_0718,2024-03-13,,38,Other,Jaipur,Monthly,15181,19,57,Card
CUST_0667,2024-05-27,,42,Female,Bengaluru,Monthly,13583,17,58,Card
CUST_0598,2025-08-25,2025-09-24,45,Female,Delhi,Quarterly,749,1,70,UPI
CUST_0482,2023-09-13,,27,Male,Ahmedabad,Annual,18174,26,42,Card
CUST_1103,2023-08-02,2024-11-24,37,Male,Bengaluru,Monthly,12784,16,42,UPI
CUST_0315,2025-10-01,,54,Male,Kolkata,Quarterly,749,1,33,UPI
CUST_0729,2024-10-10,2024-12-09,32,Male,Pune,Annual,1398,2,27,Card
CUST_0210,2022-11-16,,33,Female,Ahmedabad,Quarterly,26964,36,54,Card
CUST_0934,2023-08-01,,29,Male,Jaipur,Monthly,21573,27,44,Card
CUST_0434,2024-09-15,,47,Female,Kolkata,Annual,9087,13,89,Card
CUST_0329,2025-05-29,2025-08-27,48,Female,Delhi,Monthly,2397,3,49,UPI
CUST_0261,2025-02-16,,25,Female,Ahmedabad,Monthly,6392,8,64,UPI
CUST_1117,2023-05-27,,47,Male,Kolkata,Monthly,23171,29,47,Card
CUST_0307,2023-03-31,,52,Male,Bengaluru,Monthly,24769,31,43,Card
CUST_1067,2023-07-29,,18,Male,Hyderabad,Quarterly,20223,27,65,Card
CUST_0928,2023-01-02,,48,Male,Lucknow,Monthly,27166,34,85,Card
CUST_1025,2025-07-09,2025-08-08,37,Male,Ahmedabad,Monthly,799,1,100,UPI
CUST_0271,2023-12-27,,35,Male,Mumbai,Monthly,17578,22,31,Card
CUST_0291,2024-10-14,,39,Male,Bengaluru,Quarterly,8988,12,59,UPI
CUST_0813,2024-12-09,,20,Male,Ahmedabad,Monthly,7990,10,43,Card
CUST_0097,2024-11-18,,59,Male,Delhi,Quarterly,8239,11,30,PayPal
CUST_0888,2025-08-07,,23,Male,Lucknow,Quarterly,1498,2,69,PayPal
CUST_0819,2023-04-11,,32,Female,Lucknow,Monthly,24769,31,64,Card
CUST_0032,2024-02-01,,32,Male,Pune,Quarterly,15729,21,75,Card
CUST_0763,2023-07-07,2024-02-02,57,Male,Ahmedabad,Quarterly,5243,7,28,Card
CUST_0954,2024-04-14,2024-11-10,21,Female,Hyderabad,Monthly,5593,7,77,Card
CUST_0320,2025-07-25,,50,Female,Pune,Monthly,2397,3,53,PayPal
CUST_0299,2025-07-24,2025-09-22,38,Female,Chennai,Monthly,1598,2,95,Card
CUST_0200,2024-03-09,,21,Female,Ahmedabad,Quarterly,14980,20,27,Card
CUST_0561,2024-09-05,2025-08-01,59,Male,Kolkata,Monthly,8789,11,90,UPI
CUST_0179,2023-07-03,,58,Male,Pune,Annual,19572,28,81,UPI
CUST_1132,2025-10-04,,18,Female,Mumbai,Quarterly,749,1,36,UPI
CUST_0089,2024-08-06,,41,Female,Kolkata,Quarterly,11235,15,53,Card
CUST_0788,2023-10-06,,43,Female,Jaipur,Monthly,19975,25,100,PayPal
CUST_0725,2024-05-10,,55,Female,Jaipur,Monthly,14382,18,74,Card
CUST_0827,2023-07-21,,39,Male,Bengaluru,Monthly,21573,27,74,UPI
CUST_0209,2025-01-23,,28,Male,Lucknow,Quarterly,6741,9,81,Card
CUST_1040,2023-09-03,2024-05-30,42,Female,Chennai,Quarterly,6741,9,65,UPI
CUST_0297,2024-07-11,,44,Female,Hyderabad,Annual,10485,15,63,UPI
CUST_0998,2022-11-22,,39,Male,Pune,Quarterly,26215,35,75,Card
CUST_0498,2025-06-22,,52,Other,Pune,Monthly,3196,4,61,Card
CUST_0835,2023-09-19,,27,Male,Hyderabad,Monthly,19975,25,50,Card
CUST_0430,2025-10-07,2025-11-01,38,Female,Ahmedabad,Monthly,799,1,100,Card
CUST_0507,2024-12-04,,54,Female,Jaipur,Monthly,8789,11,40,PayPal
CUST_0831,2025-02-25,,30,Male,Mumbai,Monthly,6392,8,81,UPI
CUST_0694,2025-02-02,,26,Female,Ahmedabad,Annual,6291,9,53,UPI
CUST_0011,2023-09-24,,28,Female,Chennai,Monthly,19975,25,73,Card
CUST_0848,2023-09-01,2025-01-23,23,Male,Delhi,Monthly,13583,17,70,UPI
CUST_0463,2024-01-14,2024-11-09,29,Female,Kolkata,Monthly,7990,10,27,UPI
CUST_0199,2024-06-09,,49,Male,Mumbai,Annual,11883,17,73,UPI
CUST_0060,2024-10-29,,46,Female,Bengaluru,Monthly,9588,12,100,PayPal
CUST_0907,2023-10-31,,23,Male,Kolkata,Monthly,19176,24,43,Other
CUST_0997,2023-03-01,2024-06-23,21,Female,Kolkata,Monthly,12784,16,34,PayPal
CUST_0276,2025-09-27,,58,Female,Ahmedabad,Monthly,799,1,100,Card
CUST_0809,2025-07-25,,19,Male,Chennai,Monthly,2397,3,62,Card
CUST_0908,2023-01-04,,27,Male,Lucknow,Monthly,27166,34,68,PayPal
CUST_0658,2023-07-14,,47,Female,Chennai,Annual,19572,28,84,UPI
CUST_0957,2024-04-07,2025-03-03,42,Female,Ahmedabad,Monthly,8789,11,56,Card
CUST_0886,2025-06-18,,43,Female,Jaipur,Monthly,3196,4,27,Card
CUST_0221,2024-04-16,,20,Other,Mumbai,Monthly,14382,18,49,Card
CUST_0789,2022-12-20,,44,Female,Lucknow,Monthly,27166,34,62,Card
CUST_0712,2023-06-26,,47,Male,Delhi,Monthly,22372,28,53,UPI
CUST_0714,2024-08-26,,34,Male,Mumbai,Annual,9786,14,65,UPI
CUST_1113,2025-07-31,,47,Other,Bengaluru,Annual,2097,3,81,UPI
CUST_1191,2024-05-31,2025-10-23,20,Female,Lucknow,Monthly,13583,17,34,UPI
CUST_0790,2024-12-16,,26,Male,Jaipur,Quarterly,7490,10,63,UPI
CUST_0416,2024-10-17,,43,Male,Hyderabad,Annual,8388,12,88,PayPal
CUST_0899,2025-09-25,,55,Male,Mumbai,Annual,699,1,29,Other
CUST_0935,2024-10-13,,52,Other,Hyderabad,Quarterly,8988,12,87,Card
CUST_0266,2023-01-11,,52,Female,Hyderabad,Monthly,27166,34,100,Card
CUST_0632,2023-01-13,,25,Female,Ahmedabad,Monthly,27166,34,100,Card
CUST_0248,2023-05-05,2024-03-30,54,Male,Kolkata,Monthly,8789,11,55,UPI
CUST_0683,2025-03-21,,55,Male,Kolkata,Annual,4893,7,61,UPI
CUST_0559,2023-11-05,2024-12-29,30,Female,Kolkata,Monthly,11186,14,38,PayPal
CUST_1137,2023-04-07,2024-08-29,49,Male,Chennai,Quarterly,12733,17,29,UPI
CUST_0968,2024-01-15,2025-06-08,32,Female,Ahmedabad,Monthly,13583,17,34,UPI
CUST_1005,2025-02-21,,30,Male,Pune,Monthly,6392,8,55,PayPal
CUST_0985,2025-03-07,,46,Female,Chennai,Monthly,5593,7,61,Card
CUST_0295,2023-09-09,,25,Female,Kolkata,Monthly,20774,26,27,PayPal
CUST_0520,2025-01-07,,36,Male,Jaipur,Monthly,7191,9,73,Card
CUST_0771,2023-01-01,2023-05-01,49,Male,Kolkata,Quarterly,2996,4,39,Card
CUST_0084,2024-06-27,,24,Female,Chennai,Annual,11184,16,74,Card
CUST_0232,2025-07-08,2025-08-07,18,Female,Mumbai,Quarterly,749,1,36,UPI
CUST_0621,2023-01-27,,40,Female,Mumbai,Monthly,26367,33,88,Card
CUST_0334,2023-11-13,,39,Other,Ahmedabad,Monthly,18377,23,40,UPI
CUST_0130,2025-06-29,,59,Male,Chennai,Quarterly,2996,4,68,Card
CUST_1012,2024-02-29,,22,Female,Delhi,Monthly,15980,20,59,Card
CUST_0645,2024-03-23,,50,Female,Chennai,Annual,13281,19,33,UPI
CUST_0974,2025-03-24,,31,Female,Lucknow,Monthly,5593,7,47,Card
CUST_0383,2025-09-16,,23,Female,Lucknow,Annual,699,1,57,Card
CUST_0868,2025-03-11,,54,Female,Delhi,Monthly,5593,7,94,Card
CUST_0543,2023-12-23,,56,Female,Pune,Monthly,17578,22,61,Card
CUST_1194,2024-11-14,,37,Male,Pune,Monthly,8789,11,64,Card
CUST_0875,2025-05-31,,45,Female,Chennai,Monthly,3995,5,78,Card
CUST_0332,2025-08-12,,41,Male,Jaipur,Monthly,1598,2,92,Card
CUST_0410,2024-02-25,2024-09-22,56,Male,Bengaluru,Monthly,5593,7,80,Card
CUST_0077,2025-05-23,,43,Other,Hyderabad,Quarterly,3745,5,81,Other
CUST_0869,2025-05-03,,53,Female,Pune,Monthly,4794,6,47,UPI
CUST_0139,2025-10-23,,56,Male,Chennai,Monthly,799,1,46,UPI
CUST_0544,2024-06-14,,31,Female,Delhi,Annual,11184,16,71,Card
CUST_0674,2022-11-08,,52,Male,Delhi,Annual,25164,36,82,UPI
CUST_0921,2025-04-21,,26,Male,Hyderabad,Monthly,4794,6,63,Card
CUST_0064,2023-02-07,2023-07-07,27,Female,Delhi,Monthly,3995,5,50,Card
CUST_0142,2025-08-09,,46,Male,Jaipur,Annual,1398,2,91,UPI
CUST_0717,2023-02-16,2024-03-12,54,Male,Bengaluru,Monthly,10387,13,18,Card
CUST_0377,2024-12-26,,54,Other,Bengaluru,Monthly,7990,10,20,PayPal
CUST_0364,2022-12-15,,45,Male,Pune,Annual,24465,35,38,Card
CUST_0140,2023-12-27,,32,Male,Bengaluru,Monthly,17578,22,59,Card
CUST_0885,2025-01-08,,25,Male,Chennai,Monthly,7191,9,72,UPI
CUST_1042,2025-03-26,,57,Male,Pune,Quarterly,5243,7,28,UPI
CUST_0225,2025-04-12,,24,Female,Ahmedabad,Monthly,4794,6,37,Card
CUST_0515,2023-01-23,,34,Female,Kolkata,Monthly,26367,33,50,Other
CUST_0267,2023-02-05,2023-08-04,42,Male,Delhi,Monthly,4794,6,56,Card
CUST_1170,2023-02-09,,31,Male,Lucknow,Annual,23067,33,49,Card
CUST_0487,2023-10-22,,21,Male,Mumbai,Quarterly,17976,24,91,Card
CUST_0353,2023-08-13,,30,Other,Lucknow,Monthly,21573,27,46,UPI
CUST_1006,2025-10-13,2025-11-01,48,Male,Bengaluru,Annual,699,1,79,UPI
CUST_0618,2023-12-03,,18,Male,Chennai,Monthly,18377,23,76,Card
CUST_0668,2023-08-22,,39,Male,Jaipur,Monthly,20774,26,79,UPI
CUST_0775,2024-01-25,,35,Female,Ahmedabad,Quarterly,15729,21,60,UPI
CUST_0554,2025-02-08,,26,Female,Ahmedabad,Quarterly,5992,8,38,Card
CUST_0576,2022-12-24,,21,Female,Pune,Quarterly,25466,34,42,Other
CUST_0915,2023-07-31,,19,Male,Hyderabad,Monthly,21573,27,98,UPI
CUST_0466,2024-08-13,,50,Female,Pune,Monthly,11186,14,20,PayPal
CUST_0591,2025-02-14,,45,Female,Ahmedabad,Quarterly,5992,8,40,UPI
CUST_0765,2025-03-21,,42,Male,Hyderabad,Annual,4893,7,49,PayPal
CUST_0635,2023-09-12,,43,Male,Mumbai,Monthly,20774,26,21,UPI
CUST_0838,2024-11-01,,35,Female,Lucknow,Monthly,9588,12,49,PayPal
CUST_0290,2022-12-23,2023-02-21,39,Female,Delhi,Quarterly,1498,2,56,UPI
CUST_0040,2025-05-02,,21,Male,Pune,Quarterly,4494,6,45,Card
CUST_0031,2025-09-23,,33,Male,Delhi,Quarterly,749,1,74,Card
CUST_0243,2024-05-15,,43,Other,Chennai,Quarterly,12733,17,70,Card
CUST_0429,2024-04-29,,43,Male,Jaipur,Quarterly,13482,18,52,UPI
CUST_0137,2025-03-17,2025-05-16,54,Male,Hyderabad,Monthly,1598,2,36,UPI
CUST_1101,2023-07-17,,24,Female,Pune,Quarterly,20223,27,50,Card
CUST_0865,2023-11-20,,20,Female,Mumbai,Monthly,18377,23,68,Card
CUST_0004,2024-07-17,2025-10-10,60,Female,Pune,Quarterly,11235,15,42,Card
CUST_0833,2023-06-14,,42,Female,Pune,Annual,20271,29,86,Other
CUST_0603,2025-10-17,,49,Female,Mumbai,Annual,699,1,22,Other
CUST_1034,2024-10-04,,60,Female,Pune,Quarterly,9737,13,76,Card
CUST_0655,2024-05-05,,42,Male,Hyderabad,Monthly,14382,18,86,PayPal
CUST_0844,2023-08-09,2024-12-31,36,Male,Kolkata,Monthly,13583,17,37,Card
CUST_0784,2025-03-18,,29,Male,Mumbai,Monthly,5593,7,56,Card
CUST_1074,2025-05-09,,43,Female,Mumbai,Quarterly,3745,5,77,Card
CUST_0443,2023-11-01,,36,Female,Chennai,Quarterly,17976,24,65,Card
CUST_1178,2023-11-16,,38,Male,Mumbai,Quarterly,17227,23,25,Card
CUST_0436,2025-05-17,,40,Female,Ahmedabad,Monthly,3995,5,80,Card
CUST_1169,2023-04-15,,38,Male,Pune,Monthly,24769,31,73,Card
CUST_0101,2025-05-07,,24,Other,Chennai,Monthly,3995,5,67,PayPal
CUST_0773,2024-09-21,,38,Male,Hyderabad,Monthly,10387,13,32,UPI
CUST_0495,2024-12-14,,54,Female,Pune,Annual,6990,10,59,UPI
CUST_1028,2025-05-04,,57,Other,Lucknow,Annual,4194,6,59,UPI
CUST_0807,2025-07-07,2025-08-06,31,Female,Mumbai,Monthly,799,1,58,Card
CUST_1142,2023-02-22,,50,Female,Jaipur,Monthly,25568,32,70,UPI
CUST_0846,2025-03-13,,58,Female,Pune,Monthly,5593,7,61,Other
CUST_0987,2023-08-03,2023-12-31,47,Female,Jaipur,Monthly,3995,5,38,Card
CUST_0228,2024-09-24,,57,Female,Lucknow,Monthly,10387,13,46,Card
CUST_1193,2025-01-31,2025-10-28,29,Female,Kolkata,Monthly,7191,9,38,UPI
CUST_0672,2023-08-16,,51,Female,Chennai,Monthly,20774,26,49,Card
CUST_0859,2022-12-22,,47,Male,Ahmedabad,Monthly,27166,34,66,Card
CUST_0925,2023-12-14,2025-05-07,55,Male,Jaipur,Monthly,13583,17,70,Card
CUST_0067,2024-07-11,,48,Male,Ahmedabad,Annual,10485,15,51,Card
CUST_0068,2023-07-24,,32,Male,Kolkata,Monthly,21573,27,56,UPI
CUST_0817,2023-01-06,2023-05-06,55,Female,Pune,Monthly,3196,4,54,UPI
CUST_0212,2024-05-14,2024-11-10,26,Male,Lucknow,Monthly,4794,6,36,UPI
CUST_0013,2025-08-28,,53,Female,Hyderabad,Monthly,1598,2,62,Card
CUST_0494,2024-06-23,,27,Female,Delhi,Monthly,12784,16,55,Card
CUST_1165,2023-08-26,,60,Female,Lucknow,Annual,18174,26,56,Card
CUST_0300,2024-06-06,,47,Male,Delhi,Monthly,13583,17,46,UPI
CUST_0411,2023-03-30,2023-09-26,22,Female,Lucknow,Monthly,4794,6,47,UPI
CUST_0757,2025-07-24,,33,Female,Jaipur,Annual,2097,3,85,Other
CUST_1075,2025-03-19,,58,Male,Bengaluru,Annual,4893,7,51,Card
CUST_0696,2023-09-26,,30,Female,Pune,Annual,17475,25,76,UPI
CUST_1151,2024-08-04,,41,Female,Pune,Monthly,11985,15,56,Card
CUST_0724,2024-07-27,,51,Female,Ahmedabad,Monthly,11985,15,85,Other
CUST_1016,2024-03-27,,19,Male,Jaipur,Monthly,15181,19,76,PayPal
CUST_0528,2023-07-23,,45,Male,Mumbai,Quarterly,20223,27,63,PayPal
CUST_0600,2025-03-31,,50,Male,Ahmedabad,Quarterly,5243,7,83,PayPal
CUST_1120,2025-09-28,,47,Other,Bengaluru,Monthly,799,1,63,Card
CUST_0567,2023-10-25,,54,Male,Mumbai,Monthly,19176,24,71,PayPal
CUST_0731,2023-08-07,,51,Female,Hyderabad,Quarterly,20223,27,82,UPI
CUST_0274,2025-09-07,,52,Male,Chennai,Monthly,799,1,68,Card
CUST_0967,2024-01-08,,40,Female,Bengaluru,Monthly,17578,22,4,Card
CUST_0238,2023-08-02,,47,Female,Chennai,Monthly,21573,27,62,UPI
CUST_0406,2023-02-20,,42,Female,Bengaluru,Annual,22368,32,56,UPI
CUST_0003,2024-02-21,,32,Other,Pune,Quarterly,14980,20,71,Card
CUST_0007,2023-07-10,,56,Other,Kolkata,Monthly,22372,28,76,UPI
CUST_0312,2025-02-05,2025-06-05,23,Female,Chennai,Quarterly,2996,4,43,UPI
CUST_1091,2025-08-11,,24,Male,Bengaluru,Monthly,1598,2,54,Card
CUST_0452,2025-07-08,,45,Male,Ahmedabad,Annual,2097,3,88,UPI
CUST_0722,2023-04-08,,56,Other,Pune,Quarterly,23219,31,82,UPI
CUST_0216,2024-01-07,,20,Male,Bengaluru,Monthly,17578,22,40,Card
CUST_1086,2024-04-29,2024-12-25,44,Male,Mumbai,Monthly,6392,8,92,UPI
CUST_0028,2023-03-08,,44,Female,Jaipur,Annual,22368,32,41,UPI
CUST_1158,2024-07-09,2024-09-07,25,Male,Hyderabad,Quarterly,1498,2,74,Card
CUST_0362,2025-07-11,2025-10-09,40,Male,Hyderabad,Monthly,2397,3,72,PayPal
CUST_0823,2024-07-04,,27,Male,Pune,Monthly,12784,16,79,PayPal
CUST_0781,2024-10-27,2025-08-23,18,Male,Delhi,Monthly,7990,10,84,Card
CUST_0629,2024-08-06,,29,Female,Bengaluru,Monthly,11985,15,69,UPI
CUST_0454,2024-04-30,,44,Female,Jaipur,Monthly,14382,18,49,Card
CUST_0739,2024-04-19,,22,Male,Jaipur,Monthly,14382,18,49,UPI
CUST_0536,2023-01-22,,42,Male,Hyderabad,Quarterly,24717,33,52,UPI
CUST_1050,2025-05-25,2025-07-24,59,Female,Ahmedabad,Monthly,1598,2,48,Card
CUST_0399,2023-08-14,,40,Female,Chennai,Quarterly,20223,27,69,Card
CUST_0257,2025-05-08,2025-10-05,41,Female,Lucknow,Monthly,3995,5,77,Card
CUST_0292,2025-09-24,2025-10-24,47,Male,Pune,Monthly,799,1,42,UPI
CUST_0026,2023-12-10,,39,Male,Chennai,Annual,16077,23,96,Card
CUST_0337,2025-09-01,2025-10-01,44,Male,Pune,Quarterly,749,1,37,UPI
CUST_0585,2025-10-20,2025-11-01,36,Female,Hyderabad,Monthly,799,1,66,UPI
CUST_0048,2024-05-19,,24,Male,Bengaluru,Quarterly,12733,17,65,Card
CUST_0319,2023-04-18,,52,Female,Chennai,Monthly,23970,30,80,Card
CUST_0107,2025-08-30,,40,Male,Jaipur,Monthly,1598,2,2,UPI
CUST_0799,2023-12-28,,25,Male,Hyderabad,Monthly,17578,22,65,Card
CUST_0056,2023-10-14,,19,Female,Kolkata,Monthly,19176,24,33,Card
CUST_0523,2023-09-24,2024-09-18,58,Female,Chennai,Quarterly,8988,12,80,Card
CUST_0214,2023-07-14,2024-03-10,33,Male,Jaipur,Monthly,6392,8,92,UPI
CUST_0121,2024-01-01,2025-06-24,22,Female,Hyderabad,Monthly,14382,18,37,Other
CUST_0918,2023-03-09,,54,Female,Mumbai,Monthly,25568,32,69,UPI
CUST_1068,2023-07-04,,57,Female,Chennai,Monthly,22372,28,44,Card
CUST_1118,2025-10-22,,46,Male,Ahmedabad,Monthly,799,1,57,UPI
CUST_0073,2025-08-07,,38,Male,Ahmedabad,Monthly,1598,2,77,Card
CUST_0948,2025-04-24,,38,Male,Ahmedabad,Monthly,4794,6,92,UPI
CUST_0747,2025-01-11,,41,Male,Kolkata,Monthly,7191,9,43,PayPal
CUST_0716,2025-07-25,2025-10-23,32,Male,Lucknow,Quarterly,2247,3,29,Card
CUST_0558,2023-03-16,,24,Female,Ahmedabad,Monthly,25568,32,97,UPI
CUST_1082,2023-02-10,,24,Male,Hyderabad,Monthly,26367,33,45,Other
CUST_1046,2023-12-12,,21,Female,Bengaluru,Monthly,18377,23,92,Other
CUST_0553,2024-10-05,,29,Other,Lucknow,Monthly,10387,13,90,UPI
CUST_0562,2025-07-10,,26,Female,Pune,Monthly,2397,3,54,Card
CUST_0425,2024-12-09,,22,Male,Bengaluru,Quarterly,7490,10,92,Other
CUST_1014,2023-05-04,,21,Female,Jaipur,Monthly,23970,30,28,Card
CUST_0326,2024-10-08,,35,Male,Chennai,Annual,8388,12,78,Other
CUST_0924,2023-04-26,,41,Female,Lucknow,Monthly,23970,30,67,PayPal
CUST_0317,2023-08-12,,46,Female,Jaipur,Quarterly,20223,27,81,Card
CUST_0804,2024-07-24,,43,Male,Jaipur,Monthly,11985,15,85,Card
CUST_1163,2024-07-24,,31,Female,Jaipur,Annual,10485,15,77,UPI
CUST_0529,2023-06-28,,31,Male,Hyderabad,Monthly,22372,28,59,Card
CUST_0837,2024-08-04,,58,Male,Ahmedabad,Monthly,11985,15,67,UPI
CUST_0715,2023-02-07,,40,Female,Hyderabad,Monthly,26367,33,59,Card
CUST_0901,2024-09-07,,28,Female,Hyderabad,Annual,9786,14,64,Card
CUST_0061,2025-09-14,,35,Male,Mumbai,Monthly,799,1,69,Card
CUST_0723,2023-12-26,2024-10-21,55,Male,Hyderabad,Monthly,7990,10,78,PayPal
CUST_0093,2025-03-23,,52,Other,Bengaluru,Monthly,5593,7,96,Card
CUST_0858,2024-11-28,,21,Male,Kolkata,Monthly,8789,11,57,Card
CUST_0619,2024-06-13,2024-07-13,20,Other,Jaipur,Quarterly,749,1,86,Card
CUST_0352,2024-05-31,,41,Male,Bengaluru,Monthly,13583,17,76,Card
CUST_0933,2023-02-07,,51,Female,Ahmedabad,Quarterly,24717,33,75,Card
CUST_0281,2024-11-10,,31,Other,Bengaluru,Monthly,8789,11,44,Card
CUST_0421,2025-01-25,,31,Male,Delhi,Monthly,7191,9,71,Card
CUST_1115,2025-03-22,2025-07-20,36,Female,Chennai,Monthly,3196,4,39,Card
CUST_0360,2024-04-02,,31,Female,Ahmedabad,Monthly,15181,19,50,Other
CUST_0423,2023-07-13,,22,Male,Bengaluru,Monthly,22372,28,62,UPI
CUST_0679,2025-07-22,,34,Female,Ahmedabad,Monthly,2397,3,38,UPI
CUST_0527,2023-09-01,,24,Female,Jaipur,Annual,18174,26,54,UPI
CUST_0478,2025-08-15,2025-10-14,43,Male,Hyderabad,Monthly,1598,2,71,Card
CUST_1095,2023-05-03,,46,Female,Mumbai,Annual,20970,30,88,Card
CUST_0183,2022-11-16,,20,Female,Pune,Monthly,28764,36,75,UPI
CUST_1092,2025-01-03,,23,Female,Pune,Monthly,7990,10,59,PayPal
CUST_0433,2023-12-21,,50,Female,Chennai,Monthly,17578,22,89,Card
CUST_0111,2023-02-13,2024-03-09,57,Female,Pune,Monthly,10387,13,40,PayPal
CUST_0371,2025-09-01,,39,Female,Ahmedabad,Quarterly,1498,2,100,Card
CUST_0240,2023-03-18,,52,Female,Jaipur,Monthly,24769,31,55,Card
CUST_0709,2025-08-08,,29,Other,Chennai,Monthly,1598,2,74,Other
CUST_0630,2025-09-03,2025-10-03,41,Male,Mumbai,Monthly,799,1,0,Card
CUST_0594,2023-03-28,,56,Male,Kolkata,Quarterly,23219,31,35,Card
CUST_0486,2023-08-22,,24,Male,Mumbai,Quarterly,19474,26,22,Card
CUST_0701,2025-01-18,,51,Male,Jaipur,Quarterly,6741,9,82,Card
CUST_0262,2025-10-26,,53,Male,Jaipur,Monthly,799,1,72,PayPal
CUST_0480,2023-05-19,,46,Female,Bengaluru,Quarterly,21721,29,30,Other
CUST_0650,2025-10-16,2025-11-01,30,Female,Mumbai,Monthly,799,1,100,PayPal
CUST_0340,2025-07-23,,43,Male,Ahmedabad,Annual,2097,3,76,PayPal
CUST_0669,2025-10-12,,44,Male,Kolkata,Monthly,799,1,59,Card
CUST_0552,2025-08-25,2025-09-24,35,Female,Delhi,Annual,699,1,78,PayPal
CUST_0459,2024-04-23,,50,Male,Bengaluru,Monthly,14382,18,49,UPI
CUST_0184,2025-10-02,2025-11-01,54,Female,Hyderabad,Monthly,799,1,61,Card
CUST_0138,2025-04-27,,40,Female,Jaipur,Quarterly,4494,6,66,UPI
CUST_1161,2024-11-27,,49,Male,Lucknow,Monthly,8789,11,70,UPI
CUST_0707,2024-12-17,,51,Female,Chennai,Monthly,7990,10,78,PayPal
CUST_0582,2023-10-27,2025-03-20,44,Female,Hyderabad,Quarterly,12733,17,23,PayPal
CUST_0081,2025-05-05,,32,Female,Chennai,Monthly,4794,6,60,Card
CUST_0769,2024-10-02,,44,Female,Delhi,Monthly,10387,13,63,Card
CUST_0870,2023-11-21,,41,Male,Pune,Annual,16077,23,69,Other
CUST_0762,2024-06-08,,21,Male,Ahmedabad,Monthly,13583,17,41,Card
CUST_0030,2022-11-17,,45,Male,Pune,Quarterly,26964,36,67,UPI
CUST_0542,2024-10-19,,59,Female,Bengaluru,Monthly,9588,12,74,PayPal
CUST_0166,2025-06-06,,56,Male,Bengaluru,Monthly,3196,4,53,UPI
CUST_0249,2023-10-03,,49,Female,Bengaluru,Monthly,19975,25,25,Card
CUST_0308,2023-10-09,,34,Female,Mumbai,Quarterly,18725,25,50,Card
CUST_0448,2025-02-06,,33,Male,Pune,Monthly,6392,8,42,Card
CUST_0347,2023-02-08,2023-06-08,46,Male,Chennai,Monthly,3196,4,45,Card
CUST_0335,2025-08-19,2025-10-18,40,Male,Lucknow,Quarterly,1498,2,28,Card
CUST_0286,2025-05-05,,20,Male,Lucknow,Monthly,4794,6,53,Card
CUST_0950,2024-10-02,2024-12-01,22,Male,Chennai,Quarterly,1498,2,63,Card
CUST_0098,2025-05-04,,56,Female,Ahmedabad,Monthly,4794,6,42,PayPal
CUST_0468,2025-06-05,2025-10-03,27,Male,Ahmedabad,Monthly,3196,4,20,UPI
CUST_1037,2024-03-08,,30,Male,Hyderabad,Monthly,15980,20,79,Card
CUST_0913,2025-07-10,2025-09-08,30,Male,Chennai,Monthly,1598,2,61,Card
CUST_0756,2024-10-27,2025-05-25,40,Female,Bengaluru,Monthly,5593,7,65,UPI
CUST_0945,2023-11-25,,31,Female,Kolkata,Monthly,18377,23,60,UPI
CUST_0614,2024-01-23,,58,Female,Delhi,Quarterly,15729,21,60,UPI
CUST_0802,2022-12-02,,39,Female,Pune,Monthly,27965,35,66,PayPal
CUST_0758,2024-01-11,,48,Female,Ahmedabad,Quarterly,16478,22,66,UPI
CUST_0689,2023-08-11,,27,Female,Hyderabad,Monthly,21573,27,61,Card
CUST_0066,2024-10-25,,31,Female,Ahmedabad,Monthly,9588,12,50,Card
CUST_0794,2024-01-04,,60,Female,Ahmedabad,Monthly,17578,22,82,UPI
CUST_0744,2023-04-12,,27,Male,Chennai,Monthly,24769,31,50,Card
CUST_0568,2023-01-11,2024-02-05,55,Female,Jaipur,Monthly,10387,13,32,UPI
CUST_1084,2023-06-14,,44,Male,Ahmedabad,Annual,20271,29,71,Card
CUST_1099,2023-12-14,,45,Male,Mumbai,Quarterly,16478,22,20,Card
CUST_0303,2023-05-07,,50,Male,Ahmedabad,Monthly,23970,30,63,Card
CUST_0255,2025-01-09,,20,Male,Chennai,Quarterly,6741,9,46,UPI
CUST_0959,2025-08-04,2025-09-03,57,Male,Bengaluru,Annual,699,1,36,Card
CUST_1024,2025-03-11,2025-09-07,22,Female,Chennai,Monthly,4794,6,65,UPI
CUST_0313,2023-01-01,,52,Male,Mumbai,Monthly,27166,34,96,UPI
CUST_0530,2023-08-19,,48,Other,Bengaluru,Quarterly,19474,26,48,UPI
CUST_0222,2023-07-30,,36,Male,Pune,Monthly,21573,27,73,Card
CUST_0389,2023-09-26,2023-10-26,30,Male,Pune,Monthly,799,1,62,Other
CUST_0236,2024-06-25,,40,Male,Jaipur,Monthly,12784,16,33,Other
CUST_0810,2025-02-14,,43,Female,Hyderabad,Monthly,6392,8,53,Card
CUST_0483,2025-03-21,,43,Female,Hyderabad,Monthly,5593,7,78,UPI
CUST_0713,2023-06-19,,47,Male,Pune,Monthly,22372,28,34,UPI
CUST_0306,2024-06-25,2025-08-19,21,Other,Jaipur,Monthly,11186,14,68,Card
CUST_1111,2025-03-13,,49,Female,Ahmedabad,Monthly,5593,7,42,Card
CUST_1090,2024-06-21,,42,Male,Ahmedabad,Monthly,12784,16,73,Other
CUST_0772,2023-09-24,,36,Female,Lucknow,Monthly,19975,25,81,UPI
CUST_0917,2025-01-04,,18,Female,Delhi,Monthly,7990,10,62,UPI
CUST_1139,2025-03-18,,27,Female,Ahmedabad,Monthly,5593,7,67,UPI
CUST_0250,2023-11-28,,26,Male,Mumbai,Annual,16077,23,100,Card
CUST_0760,2025-03-04,,33,Male,Kolkata,Monthly,6392,8,54,Card
CUST_0595,2024-10-11,,18,Female,Ahmedabad,Monthly,9588,12,35,UPI
CUST_0072,2025-08-12,,57,Female,Mumbai,Monthly,1598,2,78,Card
CUST_0095,2024-04-21,,50,Female,Pune,Monthly,14382,18,85,Card
CUST_0546,2025-08-18,,22,Female,Mumbai,Monthly,1598,2,49,UPI
CUST_0034,2025-02-16,,54,Female,Jaipur,Quarterly,5992,8,49,UPI
CUST_0862,2023-11-17,,48,Female,Hyderabad,Quarterly,17227,23,68,UPI
CUST_0579,2023-04-19,,48,Female,Kolkata,Monthly,23970,30,86,Other
CUST_0449,2023-12-30,,41,Female,Kolkata,Monthly,17578,22,2,Card
CUST_0446,2024-05-17,,22,Male,Pune,Quarterly,12733,17,42,PayPal
CUST_0260,2022-12-05,2023-05-04,28,Male,Chennai,Monthly,3995,5,55,Card
CUST_0205,2024-04-27,,22,Male,Jaipur,Annual,12582,18,79,UPI
CUST_0573,2023-04-06,,34,Male,Bengaluru,Monthly,24769,31,36,UPI
CUST_0824,2024-09-19,,56,Female,Pune,Monthly,10387,13,63,Card
CUST_0586,2023-05-02,,56,Female,Hyderabad,Quarterly,22470,30,90,PayPal
CUST_0366,2024-07-16,,19,Male,Hyderabad,Monthly,11985,15,78,Card
CUST_0812,2025-01-20,,24,Female,Jaipur,Monthly,7191,9,65,Card
CUST_0078,2024-06-06,,42,Male,Lucknow,Monthly,13583,17,61,PayPal
CUST_0085,2023-04-24,2023-05-24,26,Female,Chennai,Monthly,799,1,81,Card
CUST_0539,2024-11-11,,40,Female,Ahmedabad,Annual,7689,11,66,Card
CUST_0083,2024-01-12,,42,Female,Jaipur,Annual,14679,21,12,UPI
CUST_0458,2024-01-26,,52,Male,Bengaluru,Monthly,16779,21,81,Card
CUST_1138,2023-03-11,,27,Male,Pune,Monthly,25568,32,88,Card
CUST_0615,2023-02-06,,31,Female,Ahmedabad,Quarterly,24717,33,65,UPI
CUST_1186,2023-07-07,2023-11-04,22,Female,Delhi,Monthly,3196,4,10,PayPal
CUST_1076,2025-02-08,,52,Male,Lucknow,Quarterly,5992,8,53,UPI
CUST_0737,2024-08-20,,59,Male,Chennai,Quarterly,10486,14,70,Card
CUST_0437,2025-03-18,,27,Female,Chennai,Quarterly,5243,7,56,Card
CUST_0555,2022-11-05,,27,Male,Delhi,Monthly,28764,36,58,PayPal
CUST_1080,2023-12-01,,55,Female,Mumbai,Annual,16077,23,74,UPI
CUST_1062,2023-01-18,2024-03-13,54,Female,Jaipur,Monthly,11186,14,59,PayPal
CUST_0351,2022-11-22,,42,Female,Hyderabad,Quarterly,26215,35,48,PayPal
CUST_0197,2024-10-25,2025-04-23,49,Female,Kolkata,Quarterly,4494,6,66,UPI
CUST_0465,2023-07-14,,18,Male,Hyderabad,Monthly,22372,28,57,Card
CUST_0589,2024-10-27,,45,Male,Hyderabad,Quarterly,8988,12,71,Card
CUST_0006,2023-08-11,2024-04-07,38,Female,Jaipur,Monthly,6392,8,100,Card
CUST_0311,2024-05-10,,46,Other,Chennai,Quarterly,13482,18,68,Card
CUST_0662,2025-03-25,,35,Male,Pune,Monthly,5593,7,69,Card
CUST_0405,2024-05-28,,49,Female,Kolkata,Monthly,13583,17,55,Card
CUST_1196,2024-03-14,,54,Female,Jaipur,Annual,13281,19,55,PayPal
CUST_1044,2022-11-28,,29,Female,Mumbai,Monthly,27965,35,46,Card
CUST_1058,2024-12-19,,39,Female,Kolkata,Quarterly,7490,10,8,Other
CUST_0105,2023-01-10,,51,Male,Hyderabad,Monthly,27166,34,46,Card
CUST_0537,2023-01-13,2024-04-07,38,Female,Pune,Monthly,11985,15,61,Card
CUST_0606,2023-11-16,2024-08-12,38,Male,Lucknow,Quarterly,6741,9,47,UPI
CUST_0063,2025-06-22,2025-10-20,51,Female,Delhi,Monthly,3196,4,83,UPI
CUST_0282,2025-05-05,,38,Female,Jaipur,Monthly,4794,6,81,Card
CUST_1056,2025-07-12,,57,Female,Kolkata,Annual,2097,3,71,Card
CUST_0239,2023-02-24,,59,Male,Mumbai,Annual,22368,32,100,Card
CUST_0224,2023-01-11,,49,Female,Mumbai,Quarterly,25466,34,42,Card
CUST_0146,2023-12-14,,24,Male,Delhi,Monthly,17578,22,69,Card
CUST_1119,2023-01-01,,46,Female,Kolkata,Annual,23766,34,52,Card
CUST_0374,2024-04-01,2024-11-27,23,Female,Lucknow,Monthly,6392,8,14,UPI
CUST_0119,2024-08-12,,20,Female,Bengaluru,Monthly,11186,14,58,UPI
CUST_0803,2024-10-19,,31,Male,Jaipur,Quarterly,8988,12,68,PayPal
CUST_0251,2025-07-10,2025-10-08,58,Female,Ahmedabad,Monthly,2397,3,77,UPI
CUST_1157,2025-06-16,,45,Male,Ahmedabad,Monthly,3196,4,65,UPI
CUST_0010,2024-11-12,,28,Female,Chennai,Monthly,8789,11,78,Card
CUST_0450,2023-09-03,2023-11-02,33,Male,Chennai,Monthly,1598,2,60,Card
CUST_0874,2023-10-15,,37,Male,Hyderabad,Quarterly,17976,24,39,UPI
CUST_0390,2023-12-20,,59,Female,Hyderabad,Annual,15378,22,51,Card
CUST_0966,2024-11-22,2025-05-21,50,Male,Mumbai,Monthly,4794,6,33,Card
CUST_0461,2023-12-25,,60,Male,Hyderabad,Monthly,17578,22,48,PayPal
CUST_1147,2024-11-08,,46,Male,Kolkata,Quarterly,8239,11,74,Card
CUST_0145,2023-01-29,,49,Female,Ahmedabad,Monthly,26367,33,100,Other
CUST_0502,2024-03-06,,56,Female,Delhi,Monthly,15980,20,90,PayPal
CUST_1108,2024-12-26,2025-08-23,57,Male,Hyderabad,Quarterly,5992,8,100,PayPal
CUST_0540,2022-12-27,,33,Male,Bengaluru,Monthly,27166,34,65,UPI
CUST_0178,2023-01-23,,41,Female,Hyderabad,Quarterly,24717,33,65,Other
CUST_1159,2024-08-10,,51,Female,Ahmedabad,Monthly,11186,14,47,UPI
CUST_1051,2022-11-20,,45,Male,Delhi,Quarterly,26215,35,84,Other
CUST_0584,2023-09-21,,43,Female,Pune,Quarterly,18725,25,81,UPI
CUST_1195,2022-11-08,,22,Female,Hyderabad,Monthly,28764,36,72,PayPal
CUST_0008,2024-01-05,,36,Male,Mumbai,Quarterly,16478,22,56,Card
CUST_0574,2024-11-26,,24,Female,Jaipur,Annual,7689,11,74,Card
CUST_0843,2022-12-03,,57,Male,Bengaluru,Monthly,27965,35,39,PayPal
CUST_0358,2025-03-13,,25,Female,Pune,Annual,4893,7,100,UPI
CUST_0330,2024-12-02,,20,Male,Bengaluru,Monthly,8789,11,73,Card
CUST_0705,2024-06-12,,56,Male,Lucknow,Quarterly,11984,16,70,Card
CUST_0830,2023-02-04,,34,Male,Mumbai,Quarterly,24717,33,39,Card
CUST_0259,2024-12-22,,41,Male,Lucknow,Monthly,7990,10,76,UPI
CUST_0891,2023-12-01,2024-05-29,36,Female,Pune,Monthly,4794,6,36,Card
CUST_0834,2023-07-21,,21,Female,Jaipur,Quarterly,20223,27,66,Card
CUST_1188,2022-11-28,,28,Male,Lucknow,Quarterly,26215,35,55,UPI
CUST_0905,2024-12-29,,20,Female,Bengaluru,Quarterly,7490,10,36,Other
CUST_0526,2024-06-14,,26,Male,Chennai,Annual,11184,16,42,UPI
CUST_0814,2025-08-31,,40,Male,Pune,Monthly,1598,2,86,Card
CUST_0732,2025-09-04,,55,Female,Kolkata,Quarterly,749,1,52,Card
CUST_1032,2023-10-08,,40,Male,Mumbai,Monthly,19975,25,46,Card
CUST_1141,2023-11-18,,51,Male,Delhi,Monthly,18377,23,68,UPI
CUST_0441,2024-05-27,,48,Female,Pune,Monthly,13583,17,77,UPI
CUST_0532,2023-07-23,,33,Female,Ahmedabad,Annual,18873,27,57,Card
CUST_0960,2025-03-15,,25,Male,Kolkata,Quarterly,5243,7,83,UPI
CUST_0229,2024-05-15,2025-09-07,56,Female,Kolkata,Monthly,12784,16,92,UPI
CUST_1041,2024-01-23,,50,Male,Chennai,Monthly,16779,21,25,UPI
CUST_0213,2023-04-24,,23,Male,Mumbai,Annual,20970,30,77,UPI
CUST_0080,2023-12-22,,46,Male,Pune,Quarterly,16478,22,70,Card
CUST_0149,2023-01-31,,19,Male,Jaipur,Monthly,26367,33,88,Card
CUST_0592,2023-12-06,,25,Male,Pune,Quarterly,17227,23,75,UPI
CUST_0708,2023-05-01,,20,Male,Lucknow,Monthly,23970,30,47,Card
CUST_0590,2024-12-05,,37,Male,Chennai,Monthly,8789,11,43,Card
CUST_0134,2024-03-31,,49,Other,Jaipur,Monthly,15181,19,52,Card
CUST_0782,2023-07-06,2023-10-04,22,Female,Pune,Quarterly,2247,3,80,Card
CUST_0409,2025-07-25,2025-10-23,33,Male,Delhi,Monthly,2397,3,47,Card
CUST_0970,2025-06-14,,42,Male,Hyderabad,Monthly,3196,4,24,Card
CUST_0508,2023-04-03,,29,Female,Bengaluru,Monthly,24769,31,53,Card
CUST_0877,2025-03-12,,21,Other,Chennai,Monthly,5593,7,96,PayPal
CUST_0505,2025-10-04,,40,Male,Bengaluru,Annual,699,1,72,Card
CUST_0719,2024-09-25,,31,Male,Bengaluru,Annual,9087,13,92,Card
CUST_0348,2024-07-29,,59,Other,Ahmedabad,Monthly,11985,15,57,UPI
CUST_0387,2025-09-05,,57,Female,Bengaluru,Annual,699,1,23,Card
CUST_0001,2023-08-22,,56,Female,Chennai,Monthly,20774,26,45,UPI
CUST_0361,2024-05-09,,29,Male,Delhi,Monthly,14382,18,73,Card
CUST_1134,2023-01-16,,46,Female,Mumbai,Quarterly,25466,34,100,Card
CUST_0476,2025-03-14,,40,Female,Delhi,Monthly,5593,7,72,UPI
CUST_0778,2024-08-31,2024-11-29,39,Female,Chennai,Quarterly,2247,3,75,UPI
CUST_0754,2023-07-10,2023-12-07,60,Female,Kolkata,Annual,3495,5,37,UPI
CUST_0173,2023-07-24,,59,Female,Ahmedabad,Monthly,21573,27,71,UPI
CUST_0451,2025-10-15,2025-11-01,19,Female,Mumbai,Quarterly,749,1,91,Other
CUST_0126,2024-03-16,,26,Female,Bengaluru,Annual,13281,19,56,UPI
CUST_0931,2025-09-10,,28,Female,Pune,Annual,699,1,69,Other
CUST_0531,2023-10-03,,36,Male,Delhi,Monthly,19975,25,79,Other
CUST_0091,2023-02-18,,34,Female,Bengaluru,Monthly,25568,32,40,PayPal
CUST_1162,2022-11-22,,41,Female,Jaipur,Monthly,27965,35,38,UPI
CUST_0182,2025-02-11,,19,Male,Bengaluru,Quarterly,5992,8,60,UPI
CUST_1027,2025-03-17,,27,Female,Kolkata,Monthly,5593,7,95,Other
CUST_1000,2024-11-30,,27,Female,Hyderabad,Quarterly,8239,11,85,Card
CUST_0252,2024-10-01,,52,Female,Bengaluru,Quarterly,9737,13,68,Card
CUST_0070,2023-12-21,,31,Male,Jaipur,Monthly,17578,22,73,UPI
CUST_0132,2023-03-18,,49,Male,Ahmedabad,Monthly,24769,31,67,UPI
CUST_0301,2025-05-10,,50,Female,Pune,Quarterly,3745,5,41,Card
CUST_1133,2023-11-27,,25,Female,Pune,Quarterly,17227,23,37,Card
CUST_0327,2024-02-09,,42,Male,Pune,Quarterly,15729,21,96,Card
CUST_1020,2023-03-03,,53,Female,Ahmedabad,Quarterly,23968,32,53,Card
CUST_0500,2024-01-21,,53,Male,Lucknow,Monthly,16779,21,52,Card
CUST_0666,2025-10-17,,43,Male,Delhi,Quarterly,749,1,69,Card
CUST_0919,2024-10-29,,26,Female,Lucknow,Monthly,9588,12,54,Card
CUST_0496,2024-02-26,2025-05-21,26,Female,Pune,Monthly,11985,15,69,Card
CUST_0339,2024-12-17,,19,Female,Mumbai,Quarterly,7490,10,91,PayPal
CUST_0964,2023-02-01,,49,Male,Bengaluru,Monthly,26367,33,72,UPI
CUST_0165,2023-10-17,,20,Female,Hyderabad,Quarterly,17976,24,44,Card
CUST_0029,2024-11-14,,59,Female,Hyderabad,Monthly,8789,11,100,UPI
CUST_0517,2023-07-28,,42,Female,Bengaluru,Monthly,21573,27,85,UPI
CUST_0194,2023-12-25,,36,Other,Delhi,Monthly,17578,22,56,PayPal
CUST_1104,2025-09-14,,58,Female,Bengaluru,Monthly,799,1,68,Card
CUST_0170,2024-08-03,,26,Female,Mumbai,Monthly,11985,15,43,Card
CUST_1059,2025-10-10,,28,Female,Jaipur,Quarterly,749,1,44,PayPal
CUST_0174,2024-07-04,2024-10-02,41,Male,Pune,Quarterly,2247,3,16,UPI
CUST_0519,2024-04-27,,30,Female,Hyderabad,Quarterly,13482,18,64,Card
CUST_0969,2025-06-25,,50,Male,Ahmedabad,Annual,2796,4,83,Card
CUST_0702,2024-11-29,,45,Male,Mumbai,Annual,7689,11,60,Card
CUST_0492,2023-10-05,,38,Female,Chennai,Monthly,19975,25,64,UPI
CUST_0074,2025-03-22,,33,Male,Kolkata,Monthly,5593,7,67,Card
CUST_0981,2023-01-22,2024-02-16,24,Female,Chennai,Monthly,10387,13,30,Card
CUST_0588,2023-07-31,,30,Female,Delhi,Monthly,21573,27,49,UPI
CUST_0235,2025-07-20,,42,Male,Jaipur,Monthly,2397,3,59,Card
CUST_0215,2023-03-30,2024-06-22,46,Female,Mumbai,Monthly,11985,15,60,Other
CUST_0947,2023-07-13,,52,Male,Lucknow,Quarterly,20972,28,41,UPI
CUST_0133,2023-03-08,,56,Male,Mumbai,Monthly,25568,32,92,Card
CUST_1156,2025-08-02,2025-10-31,50,Female,Pune,Monthly,2397,3,47,Other
CUST_0733,2023-06-03,,50,Female,Mumbai,Annual,20271,29,57,Card
CUST_0941,2023-01-21,,25,Female,Lucknow,Monthly,26367,33,32,Card
CUST_0186,2024-06-18,,19,Female,Bengaluru,Monthly,12784,16,68,PayPal
CUST_0042,2024-05-08,,31,Male,Lucknow,Quarterly,13482,18,73,Card
CUST_0109,2024-10-26,,54,Male,Ahmedabad,Annual,8388,12,51,UPI
CUST_0849,2022-12-05,,43,Male,Lucknow,Quarterly,26215,35,89,UPI
CUST_0569,2023-06-15,,36,Male,Chennai,Monthly,23171,29,34,Card
CUST_0651,2023-11-02,,52,Female,Hyderabad,Monthly,19176,24,67,UPI
CUST_1001,2023-08-15,,22,Female,Bengaluru,Quarterly,19474,26,64,PayPal
CUST_1166,2024-07-15,,33,Female,Lucknow,Annual,10485,15,40,Card
CUST_0484,2022-11-23,,51,Female,Mumbai,Monthly,27965,35,66,Card
CUST_0469,2023-09-20,,60,Female,Kolkata,Monthly,19975,25,54,PayPal
CUST_0025,2022-12-31,,29,Female,Lucknow,Monthly,27166,34,29,Card
CUST_0661,2024-08-14,,18,Male,Chennai,Annual,9786,14,71,Card
CUST_0680,2023-02-13,,22,Male,Pune,Annual,23067,33,80,PayPal
CUST_0753,2022-11-05,,60,Male,Hyderabad,Quarterly,26964,36,77,UPI
CUST_0994,2023-01-27,2024-05-21,54,Female,Lucknow,Monthly,12784,16,44,Card
CUST_0367,2023-12-06,,49,Male,Mumbai,Monthly,18377,23,25,Card
CUST_0840,2025-09-05,2025-10-05,39,Male,Chennai,Monthly,799,1,56,UPI
CUST_1053,2025-03-05,,26,Other,Kolkata,Quarterly,5992,8,97,UPI
CUST_0384,2025-06-25,,49,Male,Chennai,Monthly,3196,4,61,UPI
CUST_0455,2023-04-18,2024-06-11,37,Male,Lucknow,Quarterly,10486,14,70,PayPal
CUST_0265,2025-05-10,2025-10-07,37,Male,Mumbai,Quarterly,3745,5,67,Card
CUST_0761,2023-10-11,,25,Female,Jaipur,Monthly,19975,25,34,UPI
CUST_0980,2024-01-07,2025-05-01,20,Female,Kolkata,Quarterly,11984,16,34,PayPal
CUST_0445,2025-06-22,,18,Male,Pune,Annual,2796,4,83,PayPal
CUST_0396,2025-10-07,,43,Female,Pune,Annual,699,1,59,Card
CUST_0742,2024-10-03,,27,Female,Pune,Monthly,10387,13,69,PayPal
CUST_0177,2024-10-27,,49,Male,Lucknow,Monthly,9588,12,34,UPI
CUST_0019,2023-07-21,,41,Female,Bengaluru,Monthly,21573,27,64,UPI
CUST_0949,2023-01-18,2023-06-17,54,Female,Chennai,Monthly,3995,5,73,UPI
CUST_0815,2023-12-16,2025-05-09,60,Male,Mumbai,Quarterly,12733,17,39,Card
CUST_0596,2023-08-04,,20,Female,Delhi,Quarterly,20223,27,51,UPI
CUST_0062,2022-11-22,,43,Female,Hyderabad,Monthly,27965,35,93,UPI
CUST_0273,2023-01-12,,19,Female,Delhi,Monthly,27166,34,74,UPI
CUST_1126,2024-11-23,,31,Female,Hyderabad,Monthly,8789,11,44,UPI
CUST_0279,2024-12-30,,21,Male,Mumbai,Monthly,7990,10,21,UPI
CUST_0842,2025-04-06,,25,Male,Delhi,Monthly,4794,6,70,UPI
CUST_0369,2023-05-12,2024-04-06,39,Female,Chennai,Quarterly,8239,11,80,Card
CUST_0887,2024-10-22,,22,Male,Bengaluru,Monthly,9588,12,44,Card
CUST_1015,2025-08-15,,29,Male,Bengaluru,Monthly,1598,2,75,Card
CUST_0860,2025-07-20,,28,Female,Lucknow,Quarterly,2247,3,36,Card
CUST_0721,2024-09-13,,28,Male,Mumbai,Monthly,10387,13,47,Card
CUST_0826,2024-01-04,,56,Male,Lucknow,Monthly,17578,22,48,Card
CUST_0548,2023-03-16,,40,Male,Delhi,Monthly,25568,32,64,Card
CUST_0880,2024-06-10,,47,Male,Ahmedabad,Quarterly,11984,16,82,UPI
CUST_0900,2023-08-03,,54,Female,Bengaluru,Quarterly,20223,27,37,Card
CUST_0457,2024-09-06,,29,Male,Mumbai,Monthly,11186,14,50,Card
CUST_0394,2023-05-31,2024-01-26,36,Female,Hyderabad,Monthly,6392,8,58,UPI
CUST_0676,2023-07-27,,38,Male,Jaipur,Monthly,21573,27,63,Card
CUST_0912,2023-09-16,,19,Female,Hyderabad,Quarterly,18725,25,55,Card
CUST_0965,2024-08-20,,55,Male,Chennai,Quarterly,10486,14,96,UPI
CUST_0376,2023-12-28,,60,Male,Lucknow,Monthly,17578,22,41,Other
CUST_0413,2025-01-28,,46,Male,Chennai,Quarterly,6741,9,59,Card
CUST_0075,2025-10-17,2025-11-01,35,Male,Kolkata,Annual,699,1,99,Card
CUST_1122,2024-08-18,,57,Male,Kolkata,Monthly,11186,14,69,Card
CUST_0863,2023-10-01,2024-04-28,41,Male,Mumbai,Annual,4893,7,25,Card
CUST_0501,2025-07-04,,35,Male,Chennai,Monthly,3196,4,100,UPI
CUST_0942,2023-08-22,,28,Male,Bengaluru,Quarterly,19474,26,78,Card
CUST_0617,2023-12-13,,48,Female,Pune,Monthly,17578,22,31,UPI
CUST_0115,2025-08-28,,18,Female,Bengaluru,Quarterly,1498,2,88,Card
CUST_0418,2024-05-09,,54,Male,Mumbai,Monthly,14382,18,57,UPI
CUST_0602,2024-06-12,,23,Male,Jaipur,Annual,11184,16,47,UPI
CUST_0605,2024-12-05,2025-10-31,33,Male,Mumbai,Quarterly,8239,11,26,PayPal
CUST_0090,2024-07-19,,28,Female,Jaipur,Quarterly,11235,15,86,Card
CUST_1149,2025-05-21,,18,Other,Mumbai,Monthly,3995,5,75,Card
CUST_0499,2023-07-21,,52,Male,Lucknow,Quarterly,20223,27,72,UPI
CUST_0876,2025-02-18,,28,Male,Lucknow,Monthly,6392,8,40,Card
CUST_0927,2025-03-30,2025-08-27,47,Female,Chennai,Monthly,3995,5,33,UPI
CUST_0999,2024-03-09,,19,Male,Chennai,Quarterly,14980,20,61,Card
CUST_0012,2025-05-06,2025-10-03,41,Female,Delhi,Monthly,3995,5,62,UPI
CUST_0397,2024-12-24,,54,Female,Hyderabad,Monthly,7990,10,38,UPI
CUST_0755,2024-05-30,,28,Female,Hyderabad,Quarterly,12733,17,29,PayPal
CUST_0556,2024-03-01,,34,Male,Kolkata,Monthly,15980,20,56,Other
CUST_0043,2023-07-17,,26,Male,Chennai,Monthly,21573,27,94,Card
CUST_0168,2025-05-31,,25,Other,Delhi,Monthly,3995,5,47,UPI
CUST_0417,2023-05-25,,33,Female,Bengaluru,Annual,20271,29,62,Card
CUST_0577,2025-09-25,,53,Male,Mumbai,Annual,699,1,33,Card
CUST_0268,2024-08-04,,52,Male,Delhi,Quarterly,11235,15,64,Card
CUST_0808,2024-12-28,,41,Male,Delhi,Monthly,7990,10,85,UPI
CUST_0427,2023-11-06,,33,Male,Ahmedabad,Monthly,19176,24,77,Card
CUST_0691,2024-02-07,2024-10-04,34,Female,Bengaluru,Monthly,6392,8,64,Card
CUST_0545,2023-05-18,,48,Female,Ahmedabad,Quarterly,21721,29,64,Card
CUST_1123,2024-01-19,,36,Female,Bengaluru,Quarterly,15729,21,71,UPI
CUST_0675,2024-08-22,,18,Female,Jaipur,Quarterly,10486,14,81,Card
CUST_0690,2023-09-27,,36,Male,Delhi,Monthly,19975,25,59,Card
CUST_1055,2023-05-27,,31,Female,Mumbai,Monthly,23171,29,87,Card
CUST_1177,2024-06-20,,40,Male,Jaipur,Annual,11184,16,69,Card
CUST_1033,2024-09-13,,43,Male,Lucknow,Monthly,10387,13,49,Card
CUST_1035,2023-12-07,,29,Male,Jaipur,Quarterly,17227,23,64,Other
CUST_0258,2023-03-11,,50,Male,Kolkata,Monthly,25568,32,47,Card
CUST_0336,2024-02-15,,19,Male,Jaipur,Quarterly,14980,20,37,Card
CUST_0016,2024-07-16,,20,Female,Kolkata,Quarterly,11235,15,56,Card
CUST_0902,2024-11-19,,53,Female,Hyderabad,Quarterly,8239,11,81,Card
CUST_0325,2023-04-26,,20,Male,Jaipur,Quarterly,22470,30,56,Card
CUST_0608,2023-04-05,,54,Male,Delhi,Monthly,24769,31,50,Card
CUST_1054,2023-03-11,,46,Male,Pune,Annual,22368,32,46,PayPal
CUST_0791,2025-02-01,,43,Female,Lucknow,Monthly,7191,9,34,Card
CUST_0223,2024-06-14,,37,Female,Mumbai,Monthly,12784,16,73,PayPal
CUST_0180,2025-02-27,,29,Male,Ahmedabad,Quarterly,5992,8,71,Card
CUST_0100,2023-01-19,2023-12-15,45,Female,Hyderabad,Monthly,8789,11,32,Card
CUST_0522,2023-10-09,,29,Male,Mumbai,Monthly,19975,25,48,Card
CUST_0023,2023-11-05,2024-10-30,38,Female,Hyderabad,Monthly,9588,12,100,Card
CUST_0357,2024-01-23,,18,Female,Mumbai,Monthly,16779,21,63,PayPal
CUST_0734,2023-07-13,2024-02-08,41,Male,Ahmedabad,Monthly,5593,7,37,Card
CUST_1094,2023-09-10,,50,Male,Mumbai,Quarterly,19474,26,47,Card
CUST_1112,2024-03-07,,30,Female,Pune,Monthly,15980,20,40,Card
CUST_0612,2023-06-06,,37,Female,Kolkata,Monthly,23171,29,83,UPI
CUST_1010,2023-06-25,,46,Male,Kolkata,Annual,19572,28,51,UPI
CUST_0341,2023-06-12,,34,Female,Kolkata,Annual,20271,29,55,UPI
CUST_0432,2023-12-01,,53,Female,Bengaluru,Monthly,18377,23,62,Card
CUST_0962,2025-03-14,2025-06-12,57,Female,Hyderabad,Monthly,2397,3,27,Other
CUST_0218,2025-10-27,,53,Other,Bengaluru,Monthly,799,1,88,UPI
CUST_0204,2023-11-06,,41,Male,Pune,Monthly,19176,24,94,Card
CUST_0906,2023-03-02,,50,Male,Mumbai,Monthly,25568,32,66,Card
CUST_0923,2023-01-01,,32,Male,Kolkata,Monthly,27166,34,60,Card
CUST_0094,2025-06-01,,52,Female,Mumbai,Quarterly,3745,5,57,Card
CUST_0911,2023-07-03,2024-01-29,27,Male,Hyderabad,Monthly,5593,7,86,Card
CUST_0069,2024-01-22,2024-07-20,25,Male,Pune,Monthly,4794,6,57,Card
CUST_0895,2023-08-18,,29,Female,Bengaluru,Annual,18174,26,94,Card
CUST_0285,2023-12-11,,24,Female,Jaipur,Monthly,18377,23,73,PayPal
CUST_0697,2024-06-24,,21,Female,Mumbai,Quarterly,11984,16,49,Card
CUST_0086,2025-06-27,2025-07-27,41,Male,Hyderabad,Quarterly,749,1,37,Other
CUST_0435,2025-05-19,,54,Female,Chennai,Quarterly,3745,5,60,Card
CUST_0797,2023-11-22,,53,Female,Mumbai,Monthly,18377,23,71,Card
CUST_0154,2022-12-18,,37,Male,Delhi,Quarterly,25466,34,68,UPI
CUST_0076,2023-08-03,2024-06-28,41,Male,Bengaluru,Monthly,8789,11,86,UPI
CUST_1043,2023-03-02,,60,Female,Mumbai,Quarterly,23968,32,82,Other
CUST_0581,2024-08-05,2025-10-29,56,Female,Lucknow,Quarterly,11235,15,41,UPI
CUST_0447,2023-03-03,,21,Male,Chennai,Monthly,25568,32,80,UPI
CUST_0704,2025-06-18,,25,Other,Pune,Quarterly,2996,4,71,UPI
CUST_0189,2023-07-17,2024-11-08,40,Female,Kolkata,Quarterly,11984,16,39,Card
CUST_0272,2022-12-16,,35,Female,Hyderabad,Monthly,27965,35,44,UPI
CUST_0237,2025-09-17,,48,Male,Ahmedabad,Annual,699,1,83,Card
CUST_0488,2025-06-24,2025-08-23,28,Female,Ahmedabad,Monthly,1598,2,53,UPI
CUST_1160,2023-06-17,,52,Male,Delhi,Annual,19572,28,85,UPI
CUST_0560,2023-12-30,,57,Female,Ahmedabad,Monthly,17578,22,54,Other
CUST_0118,2025-07-02,2025-09-30,31,Female,Lucknow,Quarterly,2247,3,53,Card
CUST_0638,2025-09-06,,45,Female,Lucknow,Quarterly,749,1,63,Card
CUST_1128,2023-05-08,,45,Other,Mumbai,Quarterly,22470,30,77,PayPal
CUST_0751,2024-10-26,,19,Male,Jaipur,Monthly,9588,12,62,Card
CUST_0513,2023-04-16,,58,Male,Mumbai,Monthly,24769,31,100,Card
CUST_0634,2023-10-07,2024-05-04,53,Female,Chennai,Monthly,5593,7,59,Card
CUST_0786,2022-11-27,,51,Male,Kolkata,Quarterly,26215,35,50,Card
CUST_1007,2024-05-23,2025-07-17,53,Male,Hyderabad,Monthly,11186,14,22,UPI
CUST_0853,2023-01-26,,50,Female,Delhi,Monthly,26367,33,75,UPI
CUST_0127,2023-11-30,2025-03-24,32,Female,Hyderabad,Quarterly,11984,16,75,PayPal
CUST_0117,2024-11-29,,54,Male,Bengaluru,Monthly,8789,11,61,Card
CUST_0474,2024-01-19,,19,Male,Bengaluru,Monthly,16779,21,51,Card
CUST_0741,2023-05-12,,21,Male,Chennai,Quarterly,22470,30,67,Card
CUST_0993,2025-09-01,,50,Female,Jaipur,Monthly,1598,2,68,Card
CUST_0058,2024-01-30,,59,Female,Mumbai,Monthly,16779,21,22,Other
CUST_0604,2023-06-02,,38,Female,Jaipur,Annual,20271,29,64,UPI
CUST_0787,2023-03-03,,31,Female,Lucknow,Monthly,25568,32,38,UPI
CUST_0971,2024-09-13,,34,Female,Delhi,Monthly,10387,13,90,UPI
CUST_0657,2023-04-26,,27,Male,Bengaluru,Monthly,23970,30,61,Card
CUST_0903,2023-10-16,,30,Male,Chennai,Monthly,19176,24,95,PayPal
CUST_0922,2023-05-10,,28,Male,Hyderabad,Monthly,23970,30,44,Card
CUST_0106,2023-01-21,,50,Female,Mumbai,Quarterly,24717,33,37,Card
CUST_0636,2024-08-26,,25,Male,Lucknow,Quarterly,10486,14,42,Card
CUST_0370,2024-10-12,,42,Male,Ahmedabad,Quarterly,8988,12,58,Card
CUST_0269,2025-01-30,,42,Female,Delhi,Monthly,7191,9,100,UPI
CUST_0656,2024-03-16,,19,Male,Bengaluru,Quarterly,14231,19,54,Card
CUST_0047,2024-09-12,,45,Female,Chennai,Monthly,10387,13,49,Card
CUST_0350,2023-05-30,,52,Male,Mumbai,Annual,20271,29,89,Card
CUST_0774,2023-04-22,2024-08-14,22,Female,Lucknow,Monthly,12784,16,51,PayPal
CUST_0196,2025-10-19,,43,Male,Delhi,Quarterly,749,1,28,Card
CUST_0103,2023-09-22,,25,Male,Bengaluru,Monthly,19975,25,42,Card
CUST_0005,2024-07-29,2024-12-26,25,Male,Bengaluru,Monthly,3995,5,53,Card
CUST_0620,2023-02-14,,33,Female,Jaipur,Monthly,26367,33,42,Card
CUST_0991,2023-07-17,,46,Female,Pune,Monthly,21573,27,76,PayPal
CUST_0053,2023-11-22,2024-06-19,53,Female,Delhi,Monthly,5593,7,57,Card
CUST_0264,2025-05-25,,57,Male,Kolkata,Quarterly,3745,5,47,Card
CUST_1093,2025-02-13,,41,Male,Jaipur,Monthly,6392,8,77,Card
CUST_0444,2023-03-13,,49,Other,Delhi,Quarterly,23968,32,100,PayPal
CUST_0972,2024-02-15,,50,Female,Ahmedabad,Monthly,15980,20,84,Card
CUST_0783,2023-06-30,2023-09-28,58,Male,Jaipur,Quarterly,2247,3,12,Card
CUST_0847,2023-09-01,,54,Male,Pune,Annual,18174,26,75,PayPal
CUST_0692,2023-02-15,,38,Female,Pune,Monthly,26367,33,51,UPI
CUST_0305,2023-06-15,,36,Female,Mumbai,Quarterly,21721,29,80,Other
CUST_0342,2023-03-24,,57,Male,Delhi,Quarterly,23219,31,67,Card
CUST_0867,2023-10-26,,57,Female,Ahmedabad,Monthly,19176,24,71,UPI
CUST_0314,2024-06-14,,58,Male,Jaipur,Annual,11184,16,61,Other
CUST_0150,2025-03-29,,59,Female,Ahmedabad,Quarterly,5243,7,61,Card
CUST_0125,2022-12-01,,44,Female,Jaipur,Monthly,27965,35,38,Other
CUST_1063,2022-11-30,,38,Male,Jaipur,Quarterly,26215,35,59,Card
CUST_0575,2023-06-25,,42,Female,Jaipur,Annual,19572,28,63,Card
CUST_0698,2022-12-20,,18,Male,Hyderabad,Monthly,27166,34,45,Card
CUST_0665,2023-01-19,,38,Female,Bengaluru,Monthly,26367,33,51,PayPal
CUST_0051,2024-07-26,,31,Female,Jaipur,Quarterly,11235,15,43,Other
CUST_0727,2025-02-04,,35,Female,Lucknow,Monthly,7191,9,75,PayPal
CUST_0800,2025-07-09,,52,Female,Pune,Annual,2097,3,65,Card
CUST_0354,2025-03-11,2025-04-10,24,Female,Delhi,Monthly,799,1,100,Card
CUST_1153,2024-02-14,,25,Female,Kolkata,Annual,13980,20,50,Card
CUST_0143,2025-09-14,2025-10-14,53,Male,Hyderabad,Monthly,799,1,100,UPI
CUST_0471,2024-08-04,,30,Female,Bengaluru,Monthly,11985,15,67,Card
CUST_0654,2024-02-28,,22,Male,Chennai,Monthly,15980,20,49,Card
CUST_0400,2025-04-28,,26,Female,Jaipur,Quarterly,4494,6,80,UPI
CUST_1154,2024-05-21,,54,Female,Kolkata,Monthly,13583,17,95,UPI
CUST_0938,2023-05-17,,57,Female,Bengaluru,Monthly,23171,29,58,Other
CUST_0321,2025-10-24,,38,Female,Delhi,Monthly,799,1,49,Card
CUST_0020,2025-03-20,,47,Female,Mumbai,Quarterly,5243,7,45,UPI
CUST_0685,2024-07-27,,40,Female,Jaipur,Quarterly,11235,15,76,UPI
CUST_0036,2023-11-03,,38,Female,Jaipur,Quarterly,17976,24,92,Card
CUST_0825,2023-01-06,2023-07-05,34,Female,Delhi,Monthly,4794,6,36,Other
CUST_0506,2023-11-11,,49,Male,Ahmedabad,Quarterly,17976,24,53,UPI
CUST_0828,2023-06-10,,43,Other,Pune,Monthly,23171,29,86,Card
CUST_1071,2025-03-28,,26,Male,Mumbai,Monthly,5593,7,40,Card
CUST_0408,2024-03-15,,18,Female,Lucknow,Quarterly,14231,19,70,Card
CUST_0818,2024-02-02,,52,Female,Delhi,Annual,14679,21,38,UPI
CUST_0538,2024-04-25,,53,Female,Bengaluru,Monthly,14382,18,81,Card
CUST_0759,2023-03-10,,28,Male,Mumbai,Monthly,25568,32,62,Card
CUST_1069,2024-06-08,,32,Female,Bengaluru,Annual,11883,17,42,Card
CUST_0893,2025-06-03,,50,Male,Kolkata,Monthly,3995,5,63,UPI
CUST_0039,2025-07-08,,35,Female,Delhi,Monthly,2397,3,58,Card
CUST_0176,2025-04-16,,49,Female,Bengaluru,Annual,4194,6,70,Card
CUST_0246,2025-10-17,,29,Male,Kolkata,Monthly,799,1,59,Card
CUST_0811,2023-02-13,,31,Female,Hyderabad,Annual,23067,33,47,UPI
CUST_1085,2025-04-12,,51,Male,Lucknow,Quarterly,4494,6,78,UPI
CUST_1078,2023-07-18,2024-03-14,43,Male,Hyderabad,Monthly,6392,8,86,Other
CUST_0785,2025-01-26,,43,Female,Lucknow,Annual,6291,9,72,Card
CUST_1185,2025-03-19,,18,Male,Bengaluru,Monthly,5593,7,89,Card
CUST_0490,2024-02-09,,53,Female,Pune,Quarterly,15729,21,58,PayPal
CUST_0155,2025-02-04,2025-07-04,47,Female,Chennai,Annual,3495,5,39,UPI
CUST_0639,2023-02-03,,54,Female,Mumbai,Monthly,26367,33,76,Card
CUST_0663,2024-03-20,,49,Male,Kolkata,Monthly,15181,19,47,Card
CUST_0854,2025-01-22,,39,Female,Mumbai,Monthly,7191,9,60,Card
CUST_0288,2023-05-03,,50,Female,Bengaluru,Annual,20970,30,45,Card
CUST_0626,2023-02-28,,33,Male,Hyderabad,Monthly,25568,32,81,Card
CUST_1200,2023-11-03,,51,Female,Hyderabad,Monthly,19176,24,51,UPI
CUST_0686,2025-03-10,,54,Male,Ahmedabad,Annual,4893,7,69,Card
CUST_0873,2023-01-07,,19,Female,Lucknow,Annual,23766,34,58,PayPal
CUST_0570,2025-07-24,,25,Female,Chennai,Monthly,2397,3,51,UPI
CUST_1144,2024-02-26,,45,Female,Pune,Monthly,15980,20,48,Card
CUST_0735,2023-04-23,,32,Male,Lucknow,Annual,20970,30,49,PayPal
CUST_0793,2023-07-12,,47,Male,Chennai,Quarterly,20972,28,42,PayPal
CUST_0018,2024-08-20,,19,Male,Jaipur,Annual,9786,14,72,Card
CUST_0128,2022-11-23,,32,Female,Ahmedabad,Monthly,27965,35,73,Other
CUST_0323,2022-12-15,,40,Female,Bengaluru,Annual,24465,35,43,Card
CUST_0256,2023-02-04,,37,Male,Mumbai,Monthly,26367,33,85,Card
CUST_0944,2023-07-01,,54,Female,Kolkata,Monthly,22372,28,28,UPI
CUST_1180,2024-01-06,,36,Male,Kolkata,Quarterly,16478,22,95,UPI
CUST_0191,2024-02-27,,49,Male,Pune,Annual,13980,20,53,Card
CUST_0116,2024-03-09,,52,Female,Bengaluru,Quarterly,14980,20,67,Card
CUST_1174,2024-03-14,,27,Male,Delhi,Annual,13281,19,46,Card
CUST_0889,2024-08-22,,43,Other,Hyderabad,Annual,9786,14,50,Card
CUST_0607,2024-04-30,2024-11-26,28,Male,Lucknow,Monthly,5593,7,46,UPI
CUST_0181,2023-09-06,,56,Male,Chennai,Monthly,20774,26,46,UPI
CUST_0302,2025-03-09,,45,Female,Bengaluru,Quarterly,5243,7,56,Card
CUST_0497,2024-12-08,,41,Male,Bengaluru,Annual,6990,10,70,PayPal
CUST_0349,2023-11-25,,43,Male,Mumbai,Annual,16077,23,75,Other
CUST_1036,2023-07-12,,43,Male,Mumbai,Quarterly,20972,28,52,Card
CUST_0983,2024-02-20,,59,Female,Hyderabad,Quarterly,14980,20,64,UPI
CUST_0745,2023-03-26,,34,Female,Jaipur,Monthly,24769,31,59,UPI
CUST_1152,2025-04-23,2025-05-23,40,Male,Kolkata,Monthly,799,1,25,PayPal
CUST_0518,2024-11-16,,39,Male,Mumbai,Quarterly,8239,11,56,Card
CUST_0373,2024-08-29,,59,Male,Hyderabad,Monthly,11186,14,41,Card
CUST_0046,2024-08-12,,37,Male,Mumbai,Monthly,11186,14,32,Card
CUST_0477,2025-02-24,,34,Male,Bengaluru,Annual,5592,8,53,UPI
CUST_0158,2025-02-16,,42,Male,Hyderabad,Monthly,6392,8,17,Card
CUST_1047,2025-09-24,,22,Other,Hyderabad,Monthly,799,1,58,UPI
CUST_0172,2024-02-12,,50,Other,Kolkata,Monthly,15980,20,83,Card
CUST_0017,2024-05-17,,39,Male,Chennai,Monthly,13583,17,47,UPI
CUST_0512,2025-10-04,,52,Male,Lucknow,Annual,699,1,77,Other
CUST_0049,2024-08-18,,25,Female,Hyderabad,Quarterly,10486,14,25,UPI
CUST_0192,2024-09-16,,50,Female,Bengaluru,Monthly,10387,13,81,Card
CUST_0547,2025-03-16,2025-05-15,52,Female,Kolkata,Monthly,1598,2,78,Card
CUST_0516,2024-01-17,2025-02-10,37,Male,Kolkata,Quarterly,9737,13,41,Card
CUST_0978,2022-12-21,,23,Female,Jaipur,Quarterly,25466,34,95,Card
CUST_0939,2023-08-27,2024-12-19,39,Male,Chennai,Monthly,12784,16,32,Other
CUST_0829,2024-10-31,,42,Male,Ahmedabad,Monthly,9588,12,59,Card
CUST_0984,2022-12-13,,32,Male,Kolkata,Quarterly,26215,35,55,UPI
CUST_0481,2023-04-26,,43,Male,Jaipur,Monthly,23970,30,78,Card
CUST_1129,2024-05-24,,47,Male,Mumbai,Monthly,13583,17,42,Card
CUST_0284,2025-01-14,,25,Female,Delhi,Monthly,7191,9,100,Card
CUST_1030,2025-07-29,,23,Female,Delhi,Monthly,2397,3,57,Card
CUST_0798,2023-10-18,2025-03-11,18,Male,Mumbai,Monthly,13583,17,55,PayPal
CUST_0940,2023-09-14,2023-11-13,46,Female,Bengaluru,Annual,1398,2,78,Card
CUST_0226,2024-01-10,2025-04-04,58,Female,Hyderabad,Monthly,11985,15,38,Card
CUST_0027,2024-06-27,,42,Male,Bengaluru,Monthly,12784,16,47,Card
CUST_0283,2025-08-26,,37,Male,Kolkata,Quarterly,1498,2,79,UPI
CUST_1150,2023-08-27,,20,Female,Hyderabad,Monthly,20774,26,72,Card
CUST_0438,2024-10-31,2025-03-30,22,Male,Mumbai,Annual,3495,5,50,Card
CUST_1168,2024-03-07,2025-01-01,54,Male,Delhi,Quarterly,7490,10,57,Card
CUST_0365,2024-01-29,2025-05-23,51,Female,Mumbai,Monthly,12784,16,49,UPI
CUST_0230,2024-04-04,,35,Female,Chennai,Monthly,15181,19,50,Card
CUST_0038,2023-07-17,,56,Female,Ahmedabad,Annual,18873,27,86,UPI
CUST_0670,2025-03-19,,30,Male,Jaipur,Annual,4893,7,100,UPI
CUST_0750,2024-04-21,,23,Female,Hyderabad,Annual,12582,18,100,Card
CUST_1181,2024-07-22,,53,Female,Bengaluru,Monthly,11985,15,85,Card
CUST_0375,2023-10-21,,32,Male,Pune,Annual,16776,24,100,Card
CUST_0470,2023-04-03,2024-07-26,46,Male,Jaipur,Quarterly,11984,16,55,UPI
CUST_0883,2023-05-23,,32,Female,Ahmedabad,Monthly,23171,29,46,UPI
CUST_1182,2025-05-25,2025-09-22,46,Male,Lucknow,Monthly,3196,4,48,Card
CUST_0688,2024-06-14,,27,Male,Kolkata,Quarterly,11984,16,37,Card
CUST_0033,2025-05-13,,20,Male,Bengaluru,Monthly,3995,5,56,PayPal
CUST_1011,2024-02-24,,25,Male,Lucknow,Quarterly,14980,20,66,Other
CUST_1176,2023-01-07,2023-05-07,50,Male,Hyderabad,Monthly,3196,4,50,PayPal
CUST_0195,2025-05-27,,19,Female,Ahmedabad,Monthly,3995,5,34,UPI
CUST_1106,2025-01-13,,39,Male,Jaipur,Monthly,7191,9,65,PayPal
CUST_1114,2024-12-10,,40,Male,Jaipur,Monthly,7990,10,78,UPI
CUST_1064,2025-06-27,,43,Male,Pune,Quarterly,2996,4,57,Card
CUST_0504,2025-06-26,,41,Male,Ahmedabad,Monthly,3196,4,21,PayPal
CUST_0916,2025-03-08,,37,Male,Mumbai,Monthly,5593,7,74,Card
CUST_0977,2024-11-10,,56,Female,Delhi,Monthly,8789,11,69,UPI
CUST_1183,2025-02-05,,35,Male,Delhi,Monthly,6392,8,70,Card
CUST_1088,2024-03-18,,60,Female,Kolkata,Annual,13281,19,53,Card
CUST_0801,2024-03-07,,32,Female,Ahmedabad,Annual,13980,20,68,UPI
CUST_0580,2022-12-18,2023-04-17,36,Male,Lucknow,Monthly,3196,4,61,UPI
CUST_0161,2023-06-23,,18,Male,Mumbai,Monthly,22372,28,87,Other
CUST_0681,2023-09-25,2024-04-22,48,Female,Mumbai,Quarterly,5243,7,35,Other
CUST_1198,2025-07-12,,47,Male,Hyderabad,Monthly,2397,3,49,Card
CUST_0163,2023-05-29,2024-11-19,30,Male,Jaipur,Annual,12582,18,20,Card
CUST_0822,2023-10-10,,45,Female,Pune,Monthly,19975,25,48,Card
CUST_0706,2025-03-20,,43,Male,Chennai,Monthly,5593,7,60,UPI
CUST_1009,2025-05-20,2025-07-19,32,Male,Chennai,Annual,1398,2,37,UPI
CUST_0878,2024-06-20,,32,Male,Ahmedabad,Quarterly,11984,16,71,Card
CUST_0896,2025-03-12,2025-09-08,18,Female,Mumbai,Monthly,4794,6,47,Card
CUST_0914,2025-08-29,2025-09-28,57,Male,Delhi,Monthly,799,1,80,Card
CUST_1199,2025-06-14,,26,Female,Bengaluru,Annual,2796,4,54,Card
CUST_0153,2025-03-11,,45,Male,Bengaluru,Monthly,5593,7,51,Card
CUST_0979,2023-06-27,,23,Male,Mumbai,Annual,19572,28,55,UPI
CUST_1003,2023-06-05,,50,Male,Pune,Monthly,23171,29,95,Card
CUST_0510,2024-11-11,,40,Male,Delhi,Monthly,8789,11,70,Card
CUST_0112,2025-10-12,2025-11-01,39,Male,Kolkata,Quarterly,749,1,76,Other
CUST_0227,2023-08-20,,50,Female,Mumbai,Monthly,20774,26,51,UPI
CUST_0986,2024-11-04,,50,Female,Chennai,Quarterly,8988,12,49,Other
CUST_0852,2024-12-13,,54,Female,Bengaluru,Monthly,7990,10,41,PayPal
CUST_0104,2023-05-23,,29,Male,Bengaluru,Monthly,23171,29,44,UPI
CUST_0422,2023-09-21,,45,Male,Hyderabad,Quarterly,18725,25,46,Other
CUST_0420,2023-06-07,,46,Female,Bengaluru,Quarterly,21721,29,45,PayPal
CUST_0625,2025-05-17,,49,Male,Hyderabad,Monthly,3995,5,38,Card
CUST_0587,2023-04-26,,20,Female,Delhi,Annual,20970,30,64,UPI
CUST_1061,2023-12-02,,18,Male,Delhi,Quarterly,17227,23,69,UPI
CUST_0920,2025-03-14,,34,Female,Lucknow,Monthly,5593,7,61,Other
CUST_0673,2024-09-24,,58,Male,Hyderabad,Monthly,10387,13,67,Other
CUST_0120,2024-03-01,,18,Female,Jaipur,Annual,13980,20,83,UPI
CUST_0054,2024-10-03,,57,Female,Lucknow,Annual,9087,13,79,UPI
CUST_0152,2025-02-20,,45,Male,Mumbai,Monthly,6392,8,49,UPI
CUST_0404,2024-08-09,,51,Female,Chennai,Monthly,11186,14,100,Card
CUST_1189,2024-02-09,,59,Female,Pune,Monthly,16779,21,45,Card
CUST_0208,2023-06-13,2024-12-04,39,Male,Pune,Annual,12582,18,21,Card
CUST_1135,2025-10-17,2025-11-01,56,Male,Chennai,Monthly,799,1,44,Card
CUST_0659,2024-11-23,,22,Male,Lucknow,Monthly,8789,11,55,UPI
CUST_1097,2023-04-03,,39,Female,Bengaluru,Annual,21669,31,23,PayPal
CUST_0233,2024-02-13,,28,Male,Lucknow,Monthly,15980,20,56,Card
CUST_0009,2025-02-13,,40,Male,Kolkata,Monthly,6392,8,58,Card
CUST_0160,2025-09-16,,50,Male,Bengaluru,Monthly,799,1,74,UPI
CUST_0037,2024-05-28,,26,Female,Chennai,Monthly,13583,17,64,UPI
CUST_0453,2023-08-27,,49,Female,Hyderabad,Monthly,20774,26,68,UPI
CUST_0652,2024-12-11,,23,Female,Jaipur,Quarterly,7490,10,73,Card
CUST_0254,2023-02-28,,33,Male,Ahmedabad,Monthly,25568,32,73,Card
CUST_0304,2022-11-15,,22,Male,Delhi,Monthly,28764,36,45,Card
CUST_0897,2023-12-28,,43,Male,Jaipur,Monthly,17578,22,88,UPI
CUST_1049,2025-05-24,2025-07-23,25,Female,Jaipur,Monthly,1598,2,78,Other
CUST_0881,2023-11-24,,55,Female,Delhi,Monthly,18377,23,60,PayPal
CUST_0572,2023-12-11,,39,Female,Chennai,Monthly,18377,23,75,Card
CUST_0624,2025-04-02,,27,Female,Delhi,Annual,4893,7,72,Card
CUST_1145,2024-12-11,,49,Male,Chennai,Quarterly,7490,10,47,PayPal
CUST_1031,2023-05-23,,25,Female,Jaipur,Monthly,23171,29,100,Card
CUST_1146,2023-06-11,,24,Female,Delhi,Quarterly,21721,29,61,Card
CUST_0263,2025-09-14,,55,Male,Kolkata,Monthly,799,1,87,UPI
CUST_0611,2023-11-05,,36,Female,Mumbai,Annual,16776,24,83,UPI
CUST_0298,2024-04-20,,51,Female,Pune,Monthly,14382,18,13,Card
CUST_0990,2025-09-16,,53,Male,Pune,Monthly,799,1,44,UPI
CUST_0415,2025-02-20,,29,Male,Kolkata,Quarterly,5992,8,68,Card
CUST_0151,2023-02-01,,23,Female,Kolkata,Monthly,26367,33,63,Card
CUST_0946,2025-10-11,,47,Male,Kolkata,Monthly,799,1,84,PayPal
CUST_0473,2024-03-11,,48,Male,Mumbai,Quarterly,14980,20,66,Card
CUST_0953,2023-01-18,,43,Male,Lucknow,Monthly,26367,33,69,Card
CUST_0988,2024-01-04,,56,Female,Jaipur,Monthly,17578,22,72,Card
CUST_0779,2023-03-01,,38,Female,Ahmedabad,Annual,22368,32,88,Card
CUST_0641,2024-09-30,,53,Female,Ahmedabad,Quarterly,9737,13,41,Card
CUST_1190,2024-09-15,,19,Male,Pune,Monthly,10387,13,45,UPI
CUST_1143,2024-04-08,,40,Male,Bengaluru,Monthly,15181,19,76,PayPal
CUST_0551,2025-04-01,2025-07-30,28,Male,Delhi,Annual,2796,4,31,Card
CUST_0640,2025-04-30,,58,Female,Jaipur,Monthly,4794,6,68,PayPal
CUST_0936,2025-09-07,,52,Female,Chennai,Monthly,799,1,74,Card
CUST_0929,2024-02-11,,22,Male,Mumbai,Monthly,15980,20,83,UPI
CUST_0489,2023-01-14,,46,Male,Bengaluru,Monthly,27166,34,73,UPI
CUST_0820,2024-07-14,,42,Female,Chennai,Monthly,11985,15,41,PayPal
CUST_0711,2025-09-10,,22,Female,Ahmedabad,Monthly,799,1,70,UPI
CUST_1081,2023-12-16,,19,Male,Bengaluru,Monthly,17578,22,76,UPI
CUST_0148,2023-03-08,,45,Male,Pune,Monthly,25568,32,40,UPI
CUST_0147,2024-10-11,,39,Male,Jaipur,Monthly,9588,12,42,Card
CUST_1175,2024-06-06,,24,Male,Lucknow,Quarterly,12733,17,56,UPI
CUST_0963,2024-11-13,,31,Female,Lucknow,Monthly,8789,11,51,PayPal
CUST_0346,2023-02-21,,56,Female,Hyderabad,Monthly,25568,32,75,UPI
CUST_0403,2023-11-17,2024-09-12,18,Male,Pune,Monthly,7990,10,67,Other
CUST_0932,2025-03-29,,26,Female,Delhi,Quarterly,5243,7,56,Card
CUST_0955,2025-03-16,,42,Male,Delhi,Monthly,5593,7,48,Card
CUST_1125,2025-03-18,,18,Male,Delhi,Monthly,5593,7,28,Card
CUST_0660,2023-06-27,,50,Female,Mumbai,Annual,19572,28,90,UPI
CUST_0464,2023-02-18,,20,Female,Lucknow,Annual,22368,32,41,UPI
CUST_0187,2023-05-31,2024-10-22,19,Male,Hyderabad,Monthly,13583,17,75,Card
CUST_0609,2025-02-19,,53,Male,Pune,Monthly,6392,8,34,Card
CUST_0144,2023-07-18,,30,Male,Hyderabad,Monthly,21573,27,93,Card
CUST_0752,2023-08-07,,30,Female,Chennai,Monthly,21573,27,83,Card
CUST_0982,2025-08-09,,25,Female,Ahmedabad,Monthly,1598,2,26,Card
CUST_0198,2025-03-22,,23,Female,Jaipur,Quarterly,5243,7,46,UPI
CUST_0884,2023-09-18,2025-01-10,28,Male,Pune,Monthly,12784,16,22,Card
CUST_0280,2024-02-22,,50,Female,Lucknow,Quarterly,14980,20,83,UPI
CUST_0294,2024-03-10,,55,Male,Jaipur,Monthly,15980,20,76,PayPal
CUST_1089,2025-05-05,2025-11-01,41,Other,Hyderabad,Monthly,4794,6,55,PayPal
CUST_0401,2023-12-05,,29,Male,Mumbai,Monthly,18377,23,57,Other
CUST_0123,2023-05-20,,31,Male,Jaipur,Monthly,23171,29,85,Card
CUST_0203,2023-07-16,,55,Male,Pune,Quarterly,20223,27,62,Other
CUST_0836,2023-04-28,,20,Female,Bengaluru,Annual,20970,30,70,Card
CUST_0247,2025-03-04,,22,Female,Jaipur,Monthly,6392,8,64,Card
CUST_1140,2023-03-16,,36,Male,Mumbai,Monthly,25568,32,65,UPI
CUST_0385,2024-11-15,,47,Female,Lucknow,Annual,7689,11,48,UPI
CUST_0855,2025-04-03,2025-06-02,38,Female,Chennai,Annual,1398,2,23,Card
CUST_0220,2024-12-23,,43,Female,Ahmedabad,Monthly,7990,10,53,Card
CUST_0642,2024-03-07,,44,Male,Kolkata,Monthly,15980,20,48,Card
CUST_0002,2022-11-18,2022-12-18,46,Male,Hyderabad,Monthly,799,1,34,UPI
CUST_0113,2023-10-29,,44,Male,Pune,Annual,16776,24,100,PayPal
CUST_0699,2024-06-18,,57,Male,Chennai,Monthly,12784,16,70,UPI
CUST_0952,2024-02-01,,31,Female,Kolkata,Annual,14679,21,53,Card
CUST_1079,2024-07-01,,28,Male,Delhi,Quarterly,11984,16,80,UPI
CUST_0442,2025-07-19,,27,Female,Bengaluru,Quarterly,2247,3,49,Card
CUST_0664,2023-01-06,,28,Male,Jaipur,Monthly,27166,34,70,Card
CUST_1197,2024-04-23,,55,Male,Pune,Annual,12582,18,90,Card
CUST_0318,2024-11-05,,48,Male,Pune,Monthly,9588,12,58,Card
CUST_0649,2023-04-18,2023-11-14,46,Female,Ahmedabad,Monthly,5593,7,86,Card
CUST_0710,2023-04-21,2024-08-13,18,Female,Pune,Monthly,12784,16,38,UPI
CUST_0973,2025-01-22,,19,Female,Ahmedabad,Monthly,7191,9,64,Other
CUST_0628,2024-06-04,,55,Male,Bengaluru,Monthly,13583,17,67,PayPal
CUST_0633,2024-07-16,,45,Male,Bengaluru,Monthly,11985,15,18,UPI
CUST_1172,2023-08-04,,35,Male,Jaipur,Quarterly,20223,27,45,Other
CUST_1107,2024-05-15,,45,Female,Hyderabad,Monthly,13583,17,83,Card
CUST_0796,2024-10-18,,43,Male,Hyderabad,Annual,8388,12,49,Card
CUST_0646,2024-07-24,,37,Female,Chennai,Monthly,11985,15,55,Card
CUST_1013,2024-06-17,,46,Female,Chennai,Monthly,12784,16,76,Card
CUST_0557,2023-01-28,,55,Male,Bengaluru,Annual,23067,33,57,UPI
CUST_0682,2023-08-12,,22,Female,Hyderabad,Monthly,21573,27,38,UPI
CUST_0578,2024-01-12,,23,Male,Kolkata,Quarterly,15729,21,65,Card
CUST_0525,2025-05-20,,29,Male,Ahmedabad,Monthly,3995,5,26,PayPal
CUST_1060,2023-08-01,,40,Female,Mumbai,Annual,18873,27,66,UPI
CUST_0541,2024-02-02,,56,Female,Delhi,Annual,14679,21,21,Card
CUST_0749,2022-12-29,,51,Female,Kolkata,Monthly,27166,34,60,UPI
CUST_1110,2024-02-02,,18,Female,Delhi,Monthly,16779,21,68,Card
CUST_0485,2022-12-10,,58,Male,Mumbai,Quarterly,26215,35,58,UPI
CUST_0096,2024-11-16,2025-09-12,22,Female,Kolkata,Monthly,7990,10,28,Card
CUST_1021,2025-03-23,,43,Female,Pune,Quarterly,5243,7,33,Card
CUST_0564,2025-10-02,2025-11-01,19,Male,Chennai,Quarterly,749,1,65,UPI
CUST_0743,2023-06-10,,34,Female,Kolkata,Quarterly,21721,29,91,Card
CUST_0864,2024-10-19,2025-01-17,26,Male,Kolkata,Monthly,2397,3,60,Card
CUST_0892,2023-04-05,,37,Female,Ahmedabad,Monthly,24769,31,53,Card
CUST_1039,2025-06-22,,35,Female,Jaipur,Quarterly,2996,4,59,Card
CUST_0207,2023-12-27,2024-07-24,23,Female,Mumbai,Quarterly,5243,7,62,Card
CUST_0393,2022-11-03,2023-10-29,34,Female,Mumbai,Quarterly,8988,12,93,PayPal
CUST_0795,2023-02-06,,34,Male,Ahmedabad,Quarterly,24717,33,70,PayPal
CUST_0871,2024-08-15,,48,Male,Jaipur,Monthly,11186,14,64,UPI
CUST_0398,2025-06-29,2025-08-28,43,Female,Chennai,Monthly,1598,2,37,Card
CUST_0767,2023-11-15,,49,Female,Bengaluru,Monthly,18377,23,51,UPI
CUST_1100,2024-10-02,,38,Male,Chennai,Monthly,10387,13,56,Card
CUST_1029,2025-04-06,2025-08-04,55,Male,Lucknow,Monthly,3196,4,71,UPI
CUST_0643,2023-09-06,,34,Male,Lucknow,Monthly,20774,26,65,UPI
CUST_0613,2023-08-10,,35,Female,Ahmedabad,Annual,18873,27,91,Other
CUST_0961,2024-08-02,2025-04-29,56,Female,Jaipur,Monthly,7191,9,61,Card
CUST_0726,2025-08-10,,51,Male,Hyderabad,Monthly,1598,2,78,UPI
CUST_0684,2023-04-04,,20,Female,Delhi,Monthly,24769,31,54,Card
CUST_0099,2024-02-04,,58,Male,Pune,Monthly,16779,21,50,UPI
CUST_0805,2025-01-26,,45,Male,Delhi,Monthly,7191,9,73,PayPal
CUST_0407,2024-01-14,,57,Male,Bengaluru,Monthly,16779,21,43,Other
CUST_0503,2023-03-13,,49,Male,Jaipur,Monthly,25568,32,75,Card
CUST_1072,2024-08-16,,26,Female,Kolkata,Monthly,11186,14,57,UPI
CUST_1057,2023-01-23,,58,Female,Lucknow,Annual,23067,33,33,Card
CUST_0930,2025-05-22,,31,Male,Mumbai,Quarterly,3745,5,58,Other
CUST_0780,2023-01-31,,23,Male,Hyderabad,Monthly,26367,33,43,Card
CUST_0201,2025-03-31,,28,Female,Kolkata,Quarterly,5243,7,92,UPI
CUST_0135,2023-09-17,,21,Male,Mumbai,Monthly,19975,25,61,Other
CUST_1052,2022-12-10,,48,Female,Ahmedabad,Monthly,27965,35,78,Card
CUST_0041,2025-05-24,2025-06-23,42,Female,Bengaluru,Annual,699,1,31,UPI
CUST_1018,2024-10-02,,48,Male,Hyderabad,Annual,9087,13,28,Card
CUST_0231,2023-10-01,,57,Female,Chennai,Quarterly,18725,25,35,Card
CUST_0379,2023-08-16,,25,Female,Pune,Quarterly,19474,26,32,UPI
CUST_0289,2025-08-28,,29,Male,Lucknow,Annual,1398,2,66,Card
CUST_0419,2023-07-31,,39,Female,Ahmedabad,Quarterly,20223,27,59,UPI
CUST_0392,2025-01-20,,36,Female,Jaipur,Annual,6291,9,64,Card
CUST_0593,2023-12-16,,58,Male,Hyderabad,Monthly,17578,22,77,UPI
CUST_1087,2024-12-14,,34,Male,Delhi,Monthly,7990,10,56,UPI
CUST_0648,2023-08-24,,45,Male,Mumbai,Quarterly,19474,26,68,Card
CUST_0521,2025-08-30,,53,Male,Chennai,Quarterly,1498,2,31,Card
CUST_0065,2023-09-08,,53,Male,Bengaluru,Monthly,20774,26,85,PayPal
CUST_0015,2025-05-15,2025-07-14,41,Male,Lucknow,Monthly,1598,2,26,Card
CUST_1065,2023-06-10,,53,Male,Pune,Monthly,23171,29,81,UPI
CUST_0493,2023-11-29,,53,Male,Kolkata,Monthly,18377,23,61,UPI
CUST_0380,2025-05-14,,22,Female,Chennai,Monthly,3995,5,48,PayPal
CUST_0188,2024-05-02,,45,Female,Kolkata,Annual,12582,18,76,UPI
CUST_0764,2024-04-26,2025-09-18,21,Male,Pune,Monthly,13583,17,38,UPI
CUST_0217,2025-08-27,2025-09-26,37,Female,Ahmedabad,Monthly,799,1,32,Card
CUST_0792,2024-04-25,,39,Male,Bengaluru,Quarterly,13482,18,48,UPI
CUST_1077,2023-06-16,2023-10-14,42,Male,Hyderabad,Monthly,3196,4,35,UPI
CUST_0879,2025-01-17,,23,Male,Lucknow,Quarterly,6741,9,48,Card
CUST_0338,2023-06-12,,59,Female,Hyderabad,Annual,20271,29,76,Other
CUST_0720,2024-10-02,,19,Male,Pune,Monthly,10387,13,66,Card
CUST_0296,2024-01-01,,44,Male,Bengaluru,Monthly,17578,22,46,Card
CUST_1017,2023-12-15,,44,Female,Pune,Monthly,17578,22,81,Card
CUST_0456,2023-10-11,,41,Female,Pune,Monthly,19975,25,55,Card
CUST_0816,2023-10-26,,35,Male,Delhi,Monthly,19176,24,90,Card
CUST_0270,2024-06-22,,46,Female,Hyderabad,Quarterly,11984,16,73,Card
CUST_0996,2024-10-06,,50,Male,Kolkata,Monthly,10387,13,71,UPI
CUST_0202,2023-02-18,,34,Male,Pune,Annual,22368,32,73,UPI
CUST_0162,2024-05-26,,44,Male,Chennai,Quarterly,12733,17,50,Card
CUST_0730,2025-04-02,,44,Female,Mumbai,Quarterly,5243,7,50,Other
CUST_0402,2023-08-15,2025-01-06,18,Male,Delhi,Monthly,13583,17,21,Other
CUST_0703,2022-12-07,,48,Male,Pune,Monthly,27965,35,58,Card
CUST_1130,2025-08-19,,55,Male,Chennai,Annual,1398,2,73,Card
CUST_0566,2024-05-12,,46,Male,Mumbai,Monthly,13583,17,52,Card
CUST_1022,2024-06-02,,60,Male,Chennai,Monthly,13583,17,24,Card
CUST_1026,2025-03-21,,28,Female,Mumbai,Quarterly,5243,7,71,Card
CUST_1105,2023-09-05,,37,Female,Lucknow,Monthly,20774,26,71,PayPal
CUST_0206,2022-12-02,,51,Male,Delhi,Monthly,27965,35,50,UPI
CUST_0035,2024-06-03,,24,Male,Delhi,Monthly,13583,17,52,PayPal
CUST_0776,2025-03-25,,45,Male,Jaipur,Monthly,5593,7,75,Card
CUST_0509,2022-12-20,,30,Male,Bengaluru,Monthly,27166,34,43,Other
CUST_1184,2022-11-18,2023-03-18,19,Female,Jaipur,Quarterly,2996,4,66,Card
CUST_0092,2023-10-26,,25,Female,Delhi,Monthly,19176,24,40,Card
CUST_0898,2024-04-20,,31,Male,Kolkata,Monthly,14382,18,57,Other
CUST_0565,2024-02-24,2025-08-17,22,Female,Kolkata,Quarterly,13482,18,76,Card
CUST_0777,2024-01-18,,59,Female,Kolkata,Monthly,16779,21,88,Card
CUST_0242,2024-08-10,,33,Female,Ahmedabad,Monthly,11186,14,89,Other
CUST_0014,2023-08-05,,57,Male,Pune,Monthly,21573,27,30,PayPal
CUST_0316,2022-11-05,2023-08-02,41,Female,Ahmedabad,Quarterly,6741,9,37,PayPal
CUST_0601,2025-04-04,,55,Female,Delhi,Monthly,5593,7,66,UPI
CUST_0388,2023-08-13,,33,Female,Kolkata,Quarterly,20223,27,53,PayPal
CUST_0167,2024-08-21,,23,Female,Mumbai,Monthly,11186,14,66,Card
CUST_0841,2024-05-30,2025-05-25,51,Male,Jaipur,Monthly,9588,12,75,Card
CUST_0021,2024-08-17,2024-10-16,55,Female,Hyderabad,Quarterly,1498,2,63,Card
CUST_0647,2024-08-13,,30,Male,Chennai,Monthly,11186,14,41,Card
CUST_1155,2023-01-03,,20,Female,Bengaluru,Monthly,27166,34,67,Card
CUST_0832,2024-10-18,,37,Female,Delhi,Monthly,9588,12,74,UPI
CUST_0563,2025-03-27,,44,Female,Kolkata,Quarterly,5243,7,41,UPI
CUST_1171,2023-04-25,,48,Female,Chennai,Monthly,23970,30,47,Card
CUST_0687,2022-12-18,,54,Male,Ahmedabad,Monthly,27166,34,63,UPI
CUST_0958,2025-03-07,,35,Male,Jaipur,Quarterly,5243,7,88,Card
CUST_0190,2023-07-08,,54,Female,Hyderabad,Monthly,22372,28,61,UPI
CUST_0976,2024-07-27,,57,Male,Bengaluru,Quarterly,11235,15,72,UPI
CUST_0700,2025-10-08,,49,Male,Bengaluru,Monthly,799,1,34,Card
CUST_0511,2025-06-16,,42,Female,Ahmedabad,Quarterly,2996,4,92,Card
CUST_1083,2024-11-10,,35,Male,Bengaluru,Monthly,8789,11,29,UPI
CUST_0475,2023-11-08,2024-06-05,52,Male,Chennai,Monthly,5593,7,74,Card
CUST_0857,2023-10-12,,23,Female,Delhi,Monthly,19975,25,65,Card
CUST_0748,2025-10-12,2025-11-01,22,Female,Lucknow,Monthly,799,1,65,UPI
CUST_0253,2024-10-04,,36,Male,Ahmedabad,Quarterly,9737,13,86,Card
CUST_0022,2024-10-02,,19,Female,Jaipur,Monthly,10387,13,52,Card
CUST_0460,2025-09-13,,50,Male,Lucknow,Annual,699,1,83,Card
CUST_0277,2024-08-20,,53,Male,Hyderabad,Quarterly,10486,14,48,UPI
CUST_0956,2023-06-12,,59,Other,Hyderabad,Monthly,23171,29,44,Other
CUST_0386,2023-02-28,,52,Female,Chennai,Monthly,25568,32,30,UPI
CUST_0806,2024-02-23,2024-12-19,40,Male,Lucknow,Monthly,7990,10,53,Card
CUST_0344,2024-04-11,,26,Female,Chennai,Monthly,14382,18,82,Card
CUST_0770,2024-02-29,,46,Male,Delhi,Quarterly,14980,20,70,Card
CUST_0131,2024-06-28,,30,Female,Hyderabad,Quarterly,11984,16,71,Card
CUST_0872,2024-02-18,,23,Male,Chennai,Monthly,15980,20,79,UPI
CUST_1124,2024-03-17,2025-01-11,35,Male,Bengaluru,Quarterly,7490,10,11,PayPal
CUST_0088,2024-05-01,,25,Female,Mumbai,Annual,12582,18,48,Card
CUST_0331,2025-02-15,2025-04-16,57,Female,Bengaluru,Quarterly,1498,2,38,Card
CUST_0467,2025-08-24,2025-10-23,57,Male,Mumbai,Monthly,1598,2,9,UPI
CUST_0122,2024-02-26,,43,Male,Kolkata,Monthly,15980,20,54,Card
CUST_1045,2023-09-06,,53,Male,Jaipur,Quarterly,19474,26,57,UPI
CUST_1096,2023-12-11,,60,Male,Ahmedabad,Quarterly,17227,23,73,Card
CUST_1131,2025-04-20,,21,Female,Chennai,Monthly,4794,6,44,Other
CUST_0861,2023-09-24,,47,Female,Ahmedabad,Monthly,19975,25,93,Card
CUST_1127,2023-02-17,,19,Female,Ahmedabad,Monthly,25568,32,47,UPI
