OrderID,OrderDate,ProductID,ProductName,Category,Quantity,UnitPrice,CostPerUnit,Discount,CustomerType,PaymentMode
ORD000001,2024-10-01,P001,Burger,Meals,1,180.0,90.0,20.0,Returning,Card
ORD000002,2025-01-23,P001,Burger,Meals,5,180.0,90.0,15.0,Returning,Card
ORD000003,2024-05-18,P003,Pasta,Meal,3,220.0,120.0,15.0,New,Cash
ORD000004,2025-03-22,P001,Burger,Meals,1,180.0,90.0,20.0,New,Card
ORD000005,2025-04-04,P006,French Fries,Snacks,1,100.0,45.0,,New,Cash
ORD000006,2024-01-22,P003,Pasta,Meal,3,220.0,120.0,20.0,Returning,Wallet
ORD000007,2024-02-07,P008,Combo Meal,Combos,3,320.0,180.0,15.0,Returning,Cash
ORD000008,2024-01-13,P006,French Fries,Snacks,4,100.0,45.0,20.0,Returning,UPI
ORD000009,2025-06-06,P006,French Fries,Snacks,1,100.0,45.0,0.0,New,UPI
ORD000010,2024-06-23,P005,Lemonade,Drinks,3,80.0,30.0,15.0,Returning,Card
ORD000011,2025-01-31,P008,Combo Meal,Combos,5,320.0,180.0,15.0,New,Cash
ORD000012,2025-10-05,P002,Pizza,Meals,3,250.0,130.0,,Returning,Cash
ORD000013,2025-06-28,P007,Sandwich,Snack,5,140.0,70.0,,Returning,UPI
ORD000014,2025-07-11,P004,Cold Coffee,Beverages,4,120.0,50.0,0.0,New,UPI
ORD000015,2025-04-17,P007,Sandwich,Snack,1,140.0,70.0,,New,UPI
ORD000016,2024-01-22,P004,Cold Coffee,Beverages,3,120.0,50.0,15.0,Returning,UPI
ORD000017,2024-01-01,P007,Sandwich,Snack,1,140.0,70.0,,Returning,Card
ORD000018,2025-03-19,P002,Pizza,Meals,1,250.0,130.0,20.0,New,UPI
ORD000019,2024-11-26,P001,Burger,Meals,3,180.0,90.0,25.0,New,Wallet
ORD000020,2024-12-22,P007,Sandwich,Snack,1,140.0,70.0,0.0,Returning,Card
ORD000021,2025-01-16,P003,Pasta,Meal,2,220.0,120.0,,New,UPI
ORD000022,2024-05-29,P005,Lemonade,Drinks,3,80.0,30.0,20.0,Returning,Cash
ORD000023,2025-06-13,P006,French Fries,Snacks,1,100.0,45.0,0.0,Returning,UPI
ORD000024,2024-05-19,P001,Burger,Meals,4,180.0,90.0,,Returning,UPI
ORD000025,2024-11-07,P008,Combo Meal,Combos,4,320.0,180.0,,New,Wallet
ORD000026,2024-12-17,P003,Pasta,Meal,5,220.0,120.0,,Returning,Cash
ORD000027,2024-04-05,P006,French Fries,Snacks,3,100.0,45.0,5.0,New,Wallet
ORD000028,2025-02-11,P005,Lemonade,Drinks,1,80.0,30.0,,New,Cash
ORD000029,2024-07-17,P001,Burger,Meals,3,180.0,90.0,5.0,New,Wallet
ORD000030,2024-12-15,P002,Pizza,Meals,5,250.0,130.0,0.0,New,UPI
ORD000031,2025-02-11,P008,Combo Meal,Combos,1,320.0,180.0,10.0,Returning,Wallet
ORD000032,2024-08-17,P007,Sandwich,Snack,5,140.0,70.0,0.0,New,UPI
ORD000033,2025-12-13,P006,French Fries,Snacks,5,100.0,45.0,,New,Wallet
ORD000034,2025-01-05,P008,Combo Meal,Combos,4,320.0,180.0,15.0,Returning,Cash
ORD000035,2024-12-17,P008,Combo Meal,Combos,2,320.0,180.0,0.0,Returning,Card
ORD000036,2025-01-19,P007,Sandwich,Snack,5,140.0,70.0,10.0,New,UPI
ORD000037,2024-03-11,P006,French Fries,Snacks,3,100.0,45.0,,Returning,Wallet
ORD000038,2025-01-24,P001,Burger,Meals,1,180.0,90.0,20.0,Returning,Card
ORD000039,2025-08-10,P008,Combo Meal,Combos,3,320.0,180.0,5.0,Returning,Wallet
ORD000040,2025-07-30,P008,Combo Meal,Combos,5,320.0,180.0,15.0,New,UPI
ORD000041,2024-12-11,P005,Lemonade,Drinks,1,80.0,30.0,0.0,New,Card
ORD000042,2025-11-07,P007,Sandwich,Snack,4,140.0,70.0,0.0,Returning,Card
ORD000043,2025-07-08,P008,Combo Meal,Combos,2,320.0,180.0,15.0,Returning,Cash
ORD000044,2025-04-19,P001,Burger,Meals,5,180.0,90.0,10.0,New,Wallet
ORD000045,2024-08-21,P007,Sandwich,Snack,1,140.0,70.0,10.0,Returning,Cash
ORD000046,2025-01-01,P007,Sandwich,Snack,4,140.0,70.0,,New,UPI
ORD000047,2024-07-21,P003,Pasta,Meal,1,220.0,120.0,10.0,New,Cash
ORD000048,2025-05-26,P005,Lemonade,Drinks,4,80.0,30.0,5.0,Returning,Card
ORD000049,2025-03-29,P002,Pizza,Meals,5,250.0,130.0,10.0,New,Card
ORD000050,2025-02-20,P007,Sandwich,Snack,4,140.0,70.0,,New,UPI
ORD000051,2025-06-13,P007,Sandwich,Snack,3,140.0,70.0,0.0,Returning,Cash
ORD000052,2024-08-04,P004,Cold Coffee,Beverages,2,120.0,50.0,,New,Cash
ORD000053,2025-02-17,P002,Pizza,Meals,1,250.0,130.0,,Returning,Wallet
ORD000054,2024-02-12,P001,Burger,Meals,2,180.0,90.0,20.0,Returning,Cash
ORD000055,2024-04-25,P005,Lemonade,Drinks,3,80.0,30.0,15.0,New,Card
ORD000056,2024-06-05,P006,French Fries,Snacks,4,100.0,45.0,5.0,Returning,Cash
ORD000057,2025-02-04,P007,Sandwich,Snack,5,140.0,70.0,5.0,Returning,Card
ORD000058,2024-02-13,P008,Combo Meal,Combos,3,320.0,180.0,0.0,Returning,Card
ORD000059,2024-05-04,P003,Pasta,Meal,4,220.0,120.0,15.0,New,UPI
ORD000060,2024-10-22,P006,French Fries,Snacks,3,100.0,45.0,5.0,Returning,Card
ORD000061,2025-06-04,P002,Pizza,Meals,1,250.0,130.0,15.0,New,Cash
ORD000062,2024-07-03,P007,Sandwich,Snack,4,140.0,70.0,0.0,Returning,Cash
ORD000063,2024-06-15,P001,Burger,Meals,1,180.0,90.0,15.0,New,Card
ORD000064,2024-08-12,P003,Pasta,Meal,4,220.0,120.0,20.0,New,UPI
ORD000065,2024-02-27,P001,Burger,Meals,2,180.0,90.0,,Returning,Card
ORD000066,2025-11-15,P003,Pasta,Meal,1,220.0,120.0,15.0,Returning,Cash
ORD000067,2024-08-28,P004,Cold Coffee,Beverages,4,120.0,50.0,15.0,New,Card
ORD000068,2024-10-25,P001,Burger,Meals,3,180.0,90.0,20.0,Returning,Cash
ORD000069,2024-02-29,P001,Burger,Meals,5,180.0,90.0,,New,Cash
ORD000070,2024-08-28,P005,Lemonade,Drinks,2,80.0,30.0,,Returning,UPI
ORD000071,2025-01-14,P006,French Fries,Snacks,2,100.0,45.0,20.0,New,Wallet
ORD000072,2024-11-16,P006,French Fries,Snacks,1,100.0,45.0,15.0,New,Wallet
ORD000073,2025-01-22,P002,Pizza,Meals,2,250.0,130.0,15.0,Returning,Card
ORD000074,2025-02-12,P004,Cold Coffee,Beverages,1,120.0,50.0,5.0,New,Wallet
ORD000075,2025-05-07,P007,Sandwich,Snack,3,140.0,70.0,0.0,Returning,Card
ORD000076,2024-02-01,P005,Lemonade,Drinks,2,80.0,30.0,5.0,Returning,Cash
ORD000077,2024-05-19,P002,Pizza,Meals,5,250.0,130.0,,Returning,Card
ORD000078,2025-01-04,P002,Pizza,Meals,1,250.0,130.0,10.0,Returning,Cash
ORD000079,2025-02-24,P005,Lemonade,Drinks,1,80.0,30.0,10.0,New,Card
ORD000080,2024-10-20,P006,French Fries,Snacks,3,100.0,45.0,25.0,New,Card
ORD000081,2024-04-25,P002,Pizza,Meals,5,250.0,130.0,,Returning,UPI
ORD000082,2025-11-21,P006,French Fries,Snacks,2,100.0,45.0,0.0,Returning,Card
ORD000083,2024-08-02,P007,Sandwich,Snack,2,140.0,70.0,,Returning,Cash
ORD000084,2024-06-27,P002,Pizza,Meals,5,250.0,130.0,10.0,Returning,Cash
ORD000085,2024-11-08,P007,Sandwich,Snack,1,140.0,70.0,,New,UPI
ORD000086,2025-08-05,P005,Lemonade,Drinks,1,80.0,30.0,5.0,Returning,Wallet
ORD000087,2024-01-24,P006,French Fries,Snacks,2,100.0,45.0,10.0,Returning,Cash
ORD000088,2024-08-05,P007,Sandwich,Snack,4,140.0,70.0,,Returning,Card
ORD000089,2024-06-23,P003,Pasta,Meal,1,220.0,120.0,5.0,New,UPI
ORD000090,2025-02-14,P004,Cold Coffee,Beverages,5,120.0,50.0,20.0,Returning,Card
ORD000091,2024-04-01,P004,Cold Coffee,Beverages,4,120.0,50.0,,Returning,Card
ORD000092,2025-11-22,P004,Cold Coffee,Beverages,1,120.0,50.0,0.0,New,Card
ORD000093,2025-04-28,P007,Sandwich,Snack,5,140.0,70.0,20.0,Returning,Cash
ORD000094,2025-03-14,P007,Sandwich,Snack,1,140.0,70.0,,New,Cash
ORD000095,2025-11-03,P003,Pasta,Meal,2,220.0,120.0,10.0,Returning,UPI
ORD000096,2024-10-17,P005,Lemonade,Drinks,4,80.0,30.0,0.0,New,Card
ORD000097,2025-06-16,P003,Pasta,Meal,5,220.0,120.0,,Returning,Cash
ORD000098,2024-01-31,P008,Combo Meal,Combos,3,320.0,180.0,10.0,Returning,Wallet
ORD000099,2025-07-05,P005,Lemonade,Drinks,5,80.0,30.0,15.0,New,Cash
ORD000100,2025-01-18,P001,Burger,Meals,1,180.0,90.0,,Returning,Wallet
ORD000101,2025-11-10,P007,Sandwich,Snack,2,140.0,70.0,,New,Cash
ORD000102,2024-05-19,P007,Sandwich,Snack,5,140.0,70.0,,Returning,Cash
ORD000103,2024-12-09,P008,Combo Meal,Combos,3,320.0,180.0,20.0,Returning,Wallet
ORD000104,2024-06-29,P008,Combo Meal,Combos,2,320.0,180.0,,New,Cash
ORD000105,2024-02-11,P006,French Fries,Snacks,2,100.0,45.0,0.0,New,UPI
ORD000106,2025-07-25,P003,Pasta,Meal,2,220.0,120.0,0.0,Returning,Card
ORD000107,2024-06-08,P008,Combo Meal,Combos,3,320.0,180.0,15.0,Returning,Cash
ORD000108,2025-03-13,P002,Pizza,Meals,4,250.0,130.0,20.0,Returning,Card
ORD000109,2025-03-02,P007,Sandwich,Snack,1,140.0,70.0,15.0,Returning,UPI
ORD000110,2024-04-24,P001,Burger,Meals,1,180.0,90.0,15.0,Returning,Wallet
ORD000111,2025-12-18,P004,Cold Coffee,Beverages,5,120.0,50.0,25.0,Returning,Cash
ORD000112,2024-07-08,P001,Burger,Meals,2,180.0,90.0,25.0,New,UPI
ORD000113,2025-10-16,P007,Sandwich,Snack,1,140.0,70.0,15.0,New,Wallet
ORD000114,2025-07-11,P006,French Fries,Snacks,3,100.0,45.0,,Returning,Cash
ORD000115,2024-04-30,P001,Burger,Meals,5,180.0,90.0,0.0,New,UPI
ORD000116,2025-02-13,P007,Sandwich,Snack,4,140.0,70.0,,New,Cash
ORD000117,2024-08-22,P006,French Fries,Snacks,3,100.0,45.0,20.0,Returning,Card
ORD000118,2024-03-16,P007,Sandwich,Snack,3,140.0,70.0,20.0,New,Cash
ORD000119,2024-04-01,P005,Lemonade,Drinks,1,80.0,30.0,15.0,New,Cash
ORD000120,2024-03-07,P002,Pizza,Meals,4,250.0,130.0,25.0,Returning,UPI
ORD000121,2025-02-28,P001,Burger,Meals,1,180.0,90.0,,Returning,UPI
ORD000122,2024-12-06,P007,Sandwich,Snack,3,140.0,70.0,15.0,New,Wallet
ORD000123,2024-05-03,P003,Pasta,Meal,1,220.0,120.0,25.0,Returning,Wallet
ORD000124,2024-07-28,P001,Burger,Meals,3,180.0,90.0,15.0,Returning,Cash
ORD000125,2025-09-11,P006,French Fries,Snacks,4,100.0,45.0,15.0,New,Card
ORD000126,2024-06-08,P008,Combo Meal,Combos,2,320.0,180.0,15.0,New,UPI
ORD000127,2024-11-15,P004,Cold Coffee,Beverages,2,120.0,50.0,5.0,Returning,UPI
ORD000128,2025-05-02,P006,French Fries,Snacks,4,100.0,45.0,25.0,Returning,UPI
ORD000129,2024-03-22,P005,Lemonade,Drinks,4,80.0,30.0,25.0,New,Wallet
ORD000130,2025-08-02,P007,Sandwich,Snack,5,140.0,70.0,0.0,New,Card
ORD000131,2025-12-13,P003,Pasta,Meal,4,220.0,120.0,25.0,Returning,Cash
ORD000132,2024-06-28,P005,Lemonade,Drinks,5,80.0,30.0,5.0,Returning,Card
ORD000133,2025-07-14,P007,Sandwich,Snack,1,140.0,70.0,15.0,Returning,Cash
ORD000134,2024-12-18,P003,Pasta,Meal,5,220.0,120.0,0.0,New,Wallet
ORD000135,2024-06-07,P007,Sandwich,Snack,2,140.0,70.0,25.0,Returning,Cash
ORD000136,2024-10-30,P004,Cold Coffee,Beverages,2,120.0,50.0,,Returning,Cash
ORD000137,2024-01-27,P008,Combo Meal,Combos,2,320.0,180.0,0.0,Returning,Cash
ORD000138,2024-02-10,P006,French Fries,Snacks,1,100.0,45.0,5.0,New,Wallet
ORD000139,2024-03-26,P004,Cold Coffee,Beverages,2,120.0,50.0,25.0,Returning,Cash
ORD000140,2025-07-23,P002,Pizza,Meals,5,250.0,130.0,,New,Card
ORD000141,2024-06-08,P007,Sandwich,Snack,2,140.0,70.0,10.0,New,UPI
ORD000142,2025-08-18,P003,Pasta,Meal,3,220.0,120.0,20.0,New,UPI
ORD000143,2025-03-19,P005,Lemonade,Drinks,4,80.0,30.0,0.0,New,Cash
ORD000144,2024-11-02,P004,Cold Coffee,Beverages,4,120.0,50.0,0.0,New,Cash
ORD000145,2024-08-25,P003,Pasta,Meal,4,220.0,120.0,,New,Wallet
ORD000146,2025-12-18,P003,Pasta,Meal,1,220.0,120.0,25.0,Returning,Cash
ORD000147,2025-09-27,P004,Cold Coffee,Beverages,4,120.0,50.0,,Returning,Wallet
ORD000148,2024-09-29,P005,Lemonade,Drinks,2,80.0,30.0,0.0,New,Cash
ORD000149,2025-11-07,P001,Burger,Meals,1,180.0,90.0,20.0,Returning,UPI
ORD000150,2024-07-08,P002,Pizza,Meals,4,250.0,130.0,15.0,New,UPI
ORD000151,2024-04-08,P005,Lemonade,Drinks,4,80.0,30.0,,New,Wallet
ORD000152,2024-05-10,P006,French Fries,Snacks,4,100.0,45.0,25.0,Returning,Card
ORD000153,2025-05-06,P008,Combo Meal,Combos,3,320.0,180.0,15.0,New,Cash
ORD000154,2025-12-20,P006,French Fries,Snacks,3,100.0,45.0,10.0,New,Card
ORD000155,2025-10-21,P001,Burger,Meals,3,180.0,90.0,15.0,Returning,UPI
ORD000156,2024-06-03,P007,Sandwich,Snack,2,140.0,70.0,5.0,New,Wallet
ORD000157,2025-04-08,P004,Cold Coffee,Beverages,2,120.0,50.0,5.0,Returning,Wallet
ORD000158,2024-06-13,P007,Sandwich,Snack,3,140.0,70.0,15.0,Returning,UPI
ORD000159,2025-12-24,P001,Burger,Meals,2,180.0,90.0,25.0,New,Cash
ORD000160,2025-09-05,P003,Pasta,Meal,3,220.0,120.0,25.0,Returning,Card
ORD000161,2024-12-10,P008,Combo Meal,Combos,4,320.0,180.0,,New,Card
ORD000162,2024-05-16,P005,Lemonade,Drinks,3,80.0,30.0,0.0,Returning,Cash
ORD000163,2024-09-04,P003,Pasta,Meal,5,220.0,120.0,0.0,New,Wallet
ORD000164,2025-07-14,P007,Sandwich,Snack,4,140.0,70.0,,Returning,UPI
ORD000165,2025-12-11,P005,Lemonade,Drinks,3,80.0,30.0,0.0,New,Cash
ORD000166,2025-10-26,P008,Combo Meal,Combos,3,320.0,180.0,,Returning,Cash
ORD000167,2024-10-11,P007,Sandwich,Snack,4,140.0,70.0,25.0,New,Card
ORD000168,2024-05-31,P004,Cold Coffee,Beverages,4,120.0,50.0,20.0,New,Card
ORD000169,2024-02-11,P008,Combo Meal,Combos,5,320.0,180.0,15.0,New,Cash
ORD000170,2024-01-21,P004,Cold Coffee,Beverages,1,120.0,50.0,,Returning,UPI
ORD000171,2025-10-15,P005,Lemonade,Drinks,2,80.0,30.0,15.0,Returning,Cash
ORD000172,2024-07-16,P004,Cold Coffee,Beverages,1,120.0,50.0,5.0,Returning,Wallet
ORD000173,2024-10-20,P008,Combo Meal,Combos,2,320.0,180.0,20.0,Returning,Cash
ORD000174,2024-06-05,P004,Cold Coffee,Beverages,1,120.0,50.0,15.0,New,Wallet
ORD000175,2025-09-23,P002,Pizza,Meals,4,250.0,130.0,,New,Wallet
ORD000176,2025-10-25,P001,Burger,Meals,5,180.0,90.0,20.0,Returning,Card
ORD000177,2025-10-12,P003,Pasta,Meal,2,220.0,120.0,10.0,Returning,Cash
ORD000178,2025-08-25,P008,Combo Meal,Combos,3,320.0,180.0,5.0,Returning,Wallet
ORD000179,2025-08-20,P008,Combo Meal,Combos,3,320.0,180.0,25.0,Returning,Wallet
ORD000180,2025-04-13,P003,Pasta,Meal,4,220.0,120.0,,New,Cash
ORD000181,2024-02-20,P007,Sandwich,Snack,3,140.0,70.0,20.0,Returning,Cash
ORD000182,2024-12-02,P004,Cold Coffee,Beverages,1,120.0,50.0,5.0,New,Cash
ORD000183,2024-09-25,P003,Pasta,Meal,2,220.0,120.0,20.0,New,UPI
ORD000184,2024-07-13,P007,Sandwich,Snack,1,140.0,70.0,,New,Cash
ORD000185,2024-02-25,P004,Cold Coffee,Beverages,4,120.0,50.0,15.0,Returning,Cash
ORD000186,2025-02-10,P007,Sandwich,Snack,5,140.0,70.0,,Returning,UPI
ORD000187,2025-08-12,P003,Pasta,Meal,4,220.0,120.0,0.0,Returning,Cash
ORD000188,2025-07-02,P006,French Fries,Snacks,5,100.0,45.0,,New,UPI
ORD000189,2025-04-14,P006,French Fries,Snacks,1,100.0,45.0,,Returning,Card
ORD000190,2025-02-15,P001,Burger,Meals,1,180.0,90.0,0.0,New,Cash
ORD000191,2025-10-24,P006,French Fries,Snacks,2,100.0,45.0,10.0,New,Cash
ORD000192,2025-03-28,P004,Cold Coffee,Beverages,1,120.0,50.0,,New,Cash
ORD000193,2024-12-03,P008,Combo Meal,Combos,5,320.0,180.0,0.0,New,UPI
ORD000194,2025-08-17,P008,Combo Meal,Combos,5,320.0,180.0,5.0,New,UPI
ORD000195,2025-04-17,P002,Pizza,Meals,1,250.0,130.0,15.0,New,Cash
ORD000196,2025-08-21,P008,Combo Meal,Combos,5,320.0,180.0,5.0,New,Cash
ORD000197,2024-09-08,P004,Cold Coffee,Beverages,2,120.0,50.0,,Returning,Wallet
ORD000198,2024-09-04,P002,Pizza,Meals,2,250.0,130.0,,Returning,Wallet
ORD000199,2024-04-28,P006,French Fries,Snacks,2,100.0,45.0,10.0,New,Card
ORD000200,2024-03-21,P005,Lemonade,Drinks,5,80.0,30.0,20.0,New,Wallet
ORD000201,2025-04-22,P006,French Fries,Snacks,5,100.0,45.0,5.0,Returning,UPI
ORD000202,2024-03-16,P001,Burger,Meals,1,180.0,90.0,,New,UPI
ORD000203,2024-07-20,P007,Sandwich,Snack,5,140.0,70.0,,New,Wallet
ORD000204,2024-05-12,P003,Pasta,Meal,5,220.0,120.0,0.0,Returning,Wallet
ORD000205,2025-04-02,P002,Pizza,Meals,1,250.0,130.0,,Returning,Card
ORD000206,2025-02-24,P005,Lemonade,Drinks,4,80.0,30.0,15.0,New,Cash
ORD000207,2025-11-16,P008,Combo Meal,Combos,2,320.0,180.0,10.0,Returning,UPI
ORD000208,2024-06-22,P005,Lemonade,Drinks,2,80.0,30.0,5.0,Returning,Wallet
ORD000209,2024-04-05,P002,Pizza,Meals,4,250.0,130.0,5.0,Returning,UPI
ORD000210,2025-12-17,P004,Cold Coffee,Beverages,4,120.0,50.0,10.0,Returning,Wallet
ORD000211,2025-06-24,P001,Burger,Meals,1,180.0,90.0,25.0,New,Cash
ORD000212,2025-03-14,P008,Combo Meal,Combos,2,320.0,180.0,25.0,New,Wallet
ORD000213,2024-09-10,P003,Pasta,Meal,1,220.0,120.0,,Returning,Wallet
ORD000214,2024-11-19,P003,Pasta,Meal,4,220.0,120.0,10.0,New,Cash
ORD000215,2025-06-21,P001,Burger,Meals,4,180.0,90.0,15.0,Returning,Card
ORD000216,2024-08-16,P005,Lemonade,Drinks,3,80.0,30.0,25.0,New,UPI
ORD000217,2024-08-02,P002,Pizza,Meals,2,250.0,130.0,0.0,Returning,Cash
ORD000218,2024-07-07,P006,French Fries,Snacks,3,100.0,45.0,,Returning,Wallet
ORD000219,2025-03-04,P004,Cold Coffee,Beverages,4,120.0,50.0,0.0,New,Wallet
ORD000220,2024-08-15,P001,Burger,Meals,4,180.0,90.0,20.0,New,Wallet
ORD000221,2024-11-02,P005,Lemonade,Drinks,1,80.0,30.0,5.0,Returning,Cash
ORD000222,2024-02-10,P001,Burger,Meals,3,180.0,90.0,10.0,New,UPI
ORD000223,2024-07-17,P002,Pizza,Meals,4,250.0,130.0,0.0,New,Cash
ORD000224,2024-05-28,P002,Pizza,Meals,2,250.0,130.0,,New,Card
ORD000225,2025-04-21,P004,Cold Coffee,Beverages,4,120.0,50.0,15.0,New,UPI
ORD000226,2024-04-06,P008,Combo Meal,Combos,1,320.0,180.0,10.0,New,UPI
ORD000227,2025-05-31,P006,French Fries,Snacks,5,100.0,45.0,,New,Cash
ORD000228,2024-10-26,P004,Cold Coffee,Beverages,2,120.0,50.0,25.0,New,UPI
ORD000229,2024-11-17,P003,Pasta,Meal,5,220.0,120.0,25.0,Returning,Wallet
ORD000230,2024-04-24,P003,Pasta,Meal,2,220.0,120.0,25.0,Returning,Card
ORD000231,2025-01-15,P004,Cold Coffee,Beverages,1,120.0,50.0,5.0,Returning,UPI
ORD000232,2024-02-06,P007,Sandwich,Snack,5,140.0,70.0,25.0,Returning,Cash
ORD000233,2025-01-25,P004,Cold Coffee,Beverages,1,120.0,50.0,20.0,Returning,Card
ORD000234,2024-07-21,P004,Cold Coffee,Beverages,1,120.0,50.0,5.0,New,Cash
ORD000235,2025-02-26,P005,Lemonade,Drinks,3,80.0,30.0,0.0,New,Card
ORD000236,2025-07-26,P005,Lemonade,Drinks,3,80.0,30.0,20.0,New,Card
ORD000237,2025-11-13,P006,French Fries,Snacks,4,100.0,45.0,20.0,Returning,Wallet
ORD000238,2025-05-21,P008,Combo Meal,Combos,4,320.0,180.0,0.0,New,Card
ORD000239,2025-11-19,P007,Sandwich,Snack,1,140.0,70.0,15.0,New,Card
ORD000240,2025-02-20,P001,Burger,Meals,2,180.0,90.0,,New,Wallet
ORD000241,2025-08-26,P006,French Fries,Snacks,3,100.0,45.0,0.0,Returning,Cash
ORD000242,2025-07-16,P008,Combo Meal,Combos,1,320.0,180.0,10.0,Returning,Wallet
ORD000243,2024-01-31,P007,Sandwich,Snack,1,140.0,70.0,,Returning,Card
ORD000244,2024-03-14,P005,Lemonade,Drinks,5,80.0,30.0,5.0,New,UPI
ORD000245,2024-05-10,P001,Burger,Meals,3,180.0,90.0,10.0,Returning,UPI
ORD000246,2025-10-01,P005,Lemonade,Drinks,2,80.0,30.0,5.0,New,UPI
ORD000247,2024-09-08,P007,Sandwich,Snack,1,140.0,70.0,0.0,Returning,UPI
ORD000248,2024-02-23,P008,Combo Meal,Combos,3,320.0,180.0,10.0,New,Cash
ORD000249,2024-05-17,P008,Combo Meal,Combos,3,320.0,180.0,15.0,Returning,Wallet
ORD000250,2025-09-04,P006,French Fries,Snacks,1,100.0,45.0,,New,Wallet
ORD000251,2024-07-14,P005,Lemonade,Drinks,5,80.0,30.0,15.0,New,UPI
ORD000252,2025-12-25,P005,Lemonade,Drinks,5,80.0,30.0,5.0,Returning,UPI
ORD000253,2025-03-10,P006,French Fries,Snacks,3,100.0,45.0,25.0,Returning,Card
ORD000254,2025-01-23,P002,Pizza,Meals,5,250.0,130.0,0.0,Returning,UPI
ORD000255,2024-10-07,P002,Pizza,Meals,3,250.0,130.0,,New,Cash
ORD000256,2024-12-31,P008,Combo Meal,Combos,2,320.0,180.0,15.0,New,Cash
ORD000257,2024-03-20,P006,French Fries,Snacks,4,100.0,45.0,,Returning,Card
ORD000258,2025-12-17,P008,Combo Meal,Combos,2,320.0,180.0,5.0,New,Cash
ORD000259,2024-07-02,P003,Pasta,Meal,1,220.0,120.0,,New,Card
ORD000260,2024-12-12,P004,Cold Coffee,Beverages,1,120.0,50.0,5.0,Returning,UPI
ORD000261,2024-07-07,P006,French Fries,Snacks,3,100.0,45.0,,New,UPI
ORD000262,2025-06-15,P004,Cold Coffee,Beverages,1,120.0,50.0,10.0,New,Card
ORD000263,2025-07-18,P001,Burger,Meals,5,180.0,90.0,,Returning,Cash
ORD000264,2025-06-20,P008,Combo Meal,Combos,4,320.0,180.0,25.0,New,Card
ORD000265,2024-03-08,P004,Cold Coffee,Beverages,2,120.0,50.0,,Returning,Cash
ORD000266,2025-06-13,P004,Cold Coffee,Beverages,1,120.0,50.0,10.0,New,UPI
ORD000267,2025-07-06,P008,Combo Meal,Combos,4,320.0,180.0,25.0,Returning,Card
ORD000268,2025-03-06,P003,Pasta,Meal,4,220.0,120.0,5.0,New,UPI
ORD000269,2025-05-28,P006,French Fries,Snacks,2,100.0,45.0,20.0,Returning,Wallet
ORD000270,2024-12-28,P003,Pasta,Meal,1,220.0,120.0,,Returning,Card
ORD000271,2025-06-15,P008,Combo Meal,Combos,3,320.0,180.0,15.0,Returning,UPI
ORD000272,2025-07-21,P002,Pizza,Meals,3,250.0,130.0,,New,UPI
ORD000273,2025-01-19,P007,Sandwich,Snack,4,140.0,70.0,10.0,Returning,Wallet
ORD000274,2024-08-19,P008,Combo Meal,Combos,5,320.0,180.0,25.0,Returning,UPI
ORD000275,2024-10-09,P002,Pizza,Meals,3,250.0,130.0,5.0,New,Card
ORD000276,2025-12-25,P004,Cold Coffee,Beverages,5,120.0,50.0,15.0,Returning,Card
ORD000277,2024-07-07,P008,Combo Meal,Combos,4,320.0,180.0,15.0,New,Card
ORD000278,2024-02-17,P008,Combo Meal,Combos,3,320.0,180.0,,Returning,Cash
ORD000279,2024-07-07,P006,French Fries,Snacks,3,100.0,45.0,0.0,New,Cash
ORD000280,2025-01-03,P002,Pizza,Meals,3,250.0,130.0,5.0,Returning,UPI
ORD000281,2024-08-05,P005,Lemonade,Drinks,5,80.0,30.0,,Returning,Wallet
ORD000282,2025-01-19,P003,Pasta,Meal,3,220.0,120.0,,New,Card
ORD000283,2025-09-27,P004,Cold Coffee,Beverages,4,120.0,50.0,,New,Cash
ORD000284,2025-10-28,P007,Sandwich,Snack,5,140.0,70.0,,Returning,UPI
ORD000285,2024-10-23,P002,Pizza,Meals,1,250.0,130.0,,New,Cash
ORD000286,2025-11-11,P006,French Fries,Snacks,5,100.0,45.0,10.0,Returning,Wallet
ORD000287,2025-03-07,P006,French Fries,Snacks,5,100.0,45.0,25.0,Returning,Card
ORD000288,2025-03-09,P001,Burger,Meals,3,180.0,90.0,,New,Wallet
ORD000289,2024-06-12,P007,Sandwich,Snack,3,140.0,70.0,15.0,Returning,Cash
ORD000290,2024-06-23,P003,Pasta,Meal,5,220.0,120.0,15.0,Returning,Cash
ORD000291,2025-04-05,P007,Sandwich,Snack,5,140.0,70.0,10.0,Returning,Wallet
ORD000292,2025-06-27,P006,French Fries,Snacks,2,100.0,45.0,,Returning,Card
ORD000293,2025-04-12,P003,Pasta,Meal,1,220.0,120.0,0.0,New,Card
ORD000294,2024-07-29,P003,Pasta,Meal,2,220.0,120.0,25.0,New,Card
ORD000295,2025-07-02,P004,Cold Coffee,Beverages,5,120.0,50.0,,New,Cash
ORD000296,2025-11-18,P003,Pasta,Meal,1,220.0,120.0,20.0,New,Cash
ORD000297,2024-07-08,P008,Combo Meal,Combos,1,320.0,180.0,,Returning,Wallet
ORD000298,2025-12-22,P004,Cold Coffee,Beverages,1,120.0,50.0,20.0,Returning,Wallet
ORD000299,2025-09-18,P006,French Fries,Snacks,1,100.0,45.0,,New,Wallet
ORD000300,2024-09-30,P008,Combo Meal,Combos,1,320.0,180.0,25.0,Returning,UPI
ORD000301,2024-11-19,P001,Burger,Meals,3,180.0,90.0,5.0,Returning,Wallet
ORD000302,2024-05-09,P006,French Fries,Snacks,1,100.0,45.0,20.0,New,Cash
ORD000303,2024-01-10,P008,Combo Meal,Combos,4,320.0,180.0,25.0,New,UPI
ORD000304,2025-08-26,P007,Sandwich,Snack,3,140.0,70.0,25.0,Returning,Wallet
ORD000305,2025-09-19,P006,French Fries,Snacks,3,100.0,45.0,15.0,Returning,Wallet
ORD000306,2024-07-20,P007,Sandwich,Snack,5,140.0,70.0,0.0,New,Cash
ORD000307,2024-04-09,P006,French Fries,Snacks,5,100.0,45.0,25.0,Returning,Card
ORD000308,2024-11-25,P005,Lemonade,Drinks,5,80.0,30.0,,Returning,Cash
ORD000309,2025-01-01,P005,Lemonade,Drinks,1,80.0,30.0,25.0,Returning,Card
ORD000310,2024-05-28,P006,French Fries,Snacks,4,100.0,45.0,,New,UPI
ORD000311,2025-06-24,P002,Pizza,Meals,5,250.0,130.0,10.0,New,Cash
ORD000312,2024-09-16,P004,Cold Coffee,Beverages,4,120.0,50.0,,Returning,Card
ORD000313,2025-04-29,P001,Burger,Meals,5,180.0,90.0,15.0,Returning,Card
ORD000314,2025-09-04,P008,Combo Meal,Combos,2,320.0,180.0,15.0,New,Wallet
ORD000315,2025-10-16,P002,Pizza,Meals,3,250.0,130.0,20.0,Returning,Cash
ORD000316,2025-11-12,P005,Lemonade,Drinks,2,80.0,30.0,,Returning,Wallet
ORD000317,2025-09-07,P005,Lemonade,Drinks,3,80.0,30.0,5.0,Returning,Card
ORD000318,2025-05-09,P003,Pasta,Meal,1,220.0,120.0,10.0,New,Card
ORD000319,2024-03-21,P007,Sandwich,Snack,4,140.0,70.0,,New,UPI
ORD000320,2024-03-16,P007,Sandwich,Snack,1,140.0,70.0,5.0,Returning,Wallet
ORD000321,2024-03-13,P007,Sandwich,Snack,5,140.0,70.0,5.0,Returning,UPI
ORD000322,2025-08-17,P008,Combo Meal,Combos,4,320.0,180.0,5.0,Returning,Wallet
ORD000323,2025-05-04,P007,Sandwich,Snack,1,140.0,70.0,20.0,Returning,Wallet
ORD000324,2024-05-08,P004,Cold Coffee,Beverages,4,120.0,50.0,25.0,Returning,Wallet
ORD000325,2025-04-14,P001,Burger,Meals,5,180.0,90.0,10.0,Returning,Card
ORD000326,2025-01-21,P006,French Fries,Snacks,1,100.0,45.0,10.0,New,Card
ORD000327,2025-11-22,P001,Burger,Meals,1,180.0,90.0,10.0,New,Cash
ORD000328,2024-05-29,P002,Pizza,Meals,5,250.0,130.0,,New,UPI
ORD000329,2025-04-16,P002,Pizza,Meals,3,250.0,130.0,,New,Wallet
ORD000330,2024-06-26,P008,Combo Meal,Combos,1,320.0,180.0,,New,Card
ORD000331,2024-06-23,P006,French Fries,Snacks,1,100.0,45.0,10.0,New,Cash
ORD000332,2024-03-14,P006,French Fries,Snacks,3,100.0,45.0,25.0,New,Card
ORD000333,2025-11-16,P004,Cold Coffee,Beverages,5,120.0,50.0,15.0,Returning,UPI
ORD000334,2024-07-22,P007,Sandwich,Snack,1,140.0,70.0,10.0,New,Cash
ORD000335,2024-10-18,P004,Cold Coffee,Beverages,1,120.0,50.0,0.0,New,UPI
ORD000336,2025-12-09,P007,Sandwich,Snack,4,140.0,70.0,0.0,Returning,Wallet
ORD000337,2025-02-14,P006,French Fries,Snacks,5,100.0,45.0,15.0,New,UPI
ORD000338,2025-04-16,P003,Pasta,Meal,3,220.0,120.0,20.0,Returning,Wallet
ORD000339,2025-02-04,P001,Burger,Meals,3,180.0,90.0,10.0,Returning,UPI
ORD000340,2024-09-08,P003,Pasta,Meal,1,220.0,120.0,20.0,New,Cash
ORD000341,2024-06-21,P004,Cold Coffee,Beverages,4,120.0,50.0,15.0,New,UPI
ORD000342,2024-09-26,P006,French Fries,Snacks,4,100.0,45.0,10.0,New,UPI
ORD000343,2025-04-29,P006,French Fries,Snacks,5,100.0,45.0,,Returning,Card
ORD000344,2025-06-22,P004,Cold Coffee,Beverages,5,120.0,50.0,5.0,New,Cash
ORD000345,2024-08-23,P004,Cold Coffee,Beverages,4,120.0,50.0,,Returning,Card
ORD000346,2025-10-11,P008,Combo Meal,Combos,3,320.0,180.0,0.0,Returning,Card
ORD000347,2024-12-28,P006,French Fries,Snacks,2,100.0,45.0,15.0,New,UPI
ORD000348,2025-10-08,P005,Lemonade,Drinks,3,80.0,30.0,15.0,New,UPI
ORD000349,2025-08-14,P001,Burger,Meals,3,180.0,90.0,0.0,New,Wallet
ORD000350,2024-04-22,P002,Pizza,Meals,4,250.0,130.0,25.0,Returning,Cash
ORD000351,2025-07-30,P004,Cold Coffee,Beverages,2,120.0,50.0,25.0,New,Card
ORD000352,2025-08-18,P004,Cold Coffee,Beverages,4,120.0,50.0,25.0,Returning,Card
ORD000353,2025-03-28,P003,Pasta,Meal,1,220.0,120.0,10.0,New,Wallet
ORD000354,2025-12-29,P007,Sandwich,Snack,2,140.0,70.0,20.0,New,Cash
ORD000355,2025-10-12,P005,Lemonade,Drinks,1,80.0,30.0,,Returning,Card
ORD000356,2025-04-29,P001,Burger,Meals,3,180.0,90.0,,New,Card
ORD000357,2025-11-08,P003,Pasta,Meal,4,220.0,120.0,0.0,Returning,Wallet
ORD000358,2025-06-30,P003,Pasta,Meal,3,220.0,120.0,,Returning,Wallet
ORD000359,2025-10-31,P001,Burger,Meals,2,180.0,90.0,15.0,New,UPI
ORD000360,2024-10-23,P004,Cold Coffee,Beverages,2,120.0,50.0,,Returning,Wallet
ORD000361,2025-08-30,P004,Cold Coffee,Beverages,2,120.0,50.0,5.0,Returning,Card
ORD000362,2024-02-14,P006,French Fries,Snacks,4,100.0,45.0,,Returning,Card
ORD000363,2025-11-27,P004,Cold Coffee,Beverages,4,120.0,50.0,5.0,New,Wallet
ORD000364,2024-10-14,P008,Combo Meal,Combos,2,320.0,180.0,10.0,Returning,Wallet
ORD000365,2025-09-12,P003,Pasta,Meal,3,220.0,120.0,5.0,New,UPI
ORD000366,2025-12-25,P002,Pizza,Meals,2,250.0,130.0,25.0,New,Card
ORD000367,2025-06-21,P005,Lemonade,Drinks,3,80.0,30.0,20.0,New,Cash
ORD000368,2025-10-15,P001,Burger,Meals,2,180.0,90.0,5.0,Returning,Cash
ORD000369,2025-06-10,P001,Burger,Meals,2,180.0,90.0,5.0,New,Cash
ORD000370,2024-08-28,P006,French Fries,Snacks,2,100.0,45.0,,Returning,Card
ORD000371,2024-08-09,P001,Burger,Meals,4,180.0,90.0,,Returning,Card
ORD000372,2024-09-28,P003,Pasta,Meal,2,220.0,120.0,5.0,Returning,UPI
ORD000373,2024-08-06,P008,Combo Meal,Combos,5,320.0,180.0,,New,UPI
ORD000374,2025-08-15,P006,French Fries,Snacks,4,100.0,45.0,,New,Wallet
ORD000375,2025-02-23,P001,Burger,Meals,2,180.0,90.0,5.0,New,Cash
ORD000376,2025-05-30,P002,Pizza,Meals,2,250.0,130.0,20.0,Returning,Wallet
ORD000377,2024-05-03,P002,Pizza,Meals,5,250.0,130.0,15.0,Returning,Card
ORD000378,2024-10-21,P004,Cold Coffee,Beverages,3,120.0,50.0,0.0,New,Card
ORD000379,2025-04-02,P005,Lemonade,Drinks,2,80.0,30.0,20.0,New,Card
ORD000380,2024-05-13,P008,Combo Meal,Combos,2,320.0,180.0,20.0,Returning,Card
ORD000381,2024-01-22,P008,Combo Meal,Combos,4,320.0,180.0,,New,Card
ORD000382,2024-02-29,P007,Sandwich,Snack,5,140.0,70.0,10.0,New,Cash
ORD000383,2024-06-02,P003,Pasta,Meal,5,220.0,120.0,25.0,New,UPI
ORD000384,2024-05-16,P004,Cold Coffee,Beverages,2,120.0,50.0,15.0,New,UPI
ORD000385,2025-08-24,P005,Lemonade,Drinks,5,80.0,30.0,0.0,New,Cash
ORD000386,2024-07-28,P002,Pizza,Meals,2,250.0,130.0,0.0,New,Card
ORD000387,2025-04-03,P001,Burger,Meals,2,180.0,90.0,,Returning,Cash
ORD000388,2024-07-17,P008,Combo Meal,Combos,5,320.0,180.0,20.0,New,Card
ORD000389,2024-03-18,P001,Burger,Meals,3,180.0,90.0,15.0,Returning,Cash
ORD000390,2024-07-06,P003,Pasta,Meal,4,220.0,120.0,,Returning,Cash
ORD000391,2025-03-31,P003,Pasta,Meal,4,220.0,120.0,15.0,Returning,Card
ORD000392,2025-06-14,P002,Pizza,Meals,5,250.0,130.0,5.0,Returning,Wallet
ORD000393,2024-05-30,P005,Lemonade,Drinks,4,80.0,30.0,15.0,New,Cash
ORD000394,2025-10-15,P005,Lemonade,Drinks,3,80.0,30.0,10.0,Returning,UPI
ORD000395,2025-12-03,P001,Burger,Meals,1,180.0,90.0,,New,Card
ORD000396,2025-06-20,P007,Sandwich,Snack,3,140.0,70.0,,New,Card
ORD000397,2024-12-07,P003,Pasta,Meal,3,220.0,120.0,,Returning,Cash
ORD000398,2024-08-16,P008,Combo Meal,Combos,5,320.0,180.0,10.0,Returning,Card
ORD000399,2025-05-03,P008,Combo Meal,Combos,4,320.0,180.0,5.0,New,Cash
ORD000400,2024-04-13,P007,Sandwich,Snack,5,140.0,70.0,0.0,Returning,Wallet
ORD000401,2025-06-24,P002,Pizza,Meals,4,250.0,130.0,10.0,Returning,Card
ORD000402,2025-05-31,P005,Lemonade,Drinks,4,80.0,30.0,0.0,New,UPI
ORD000403,2025-06-09,P007,Sandwich,Snack,1,140.0,70.0,,Returning,UPI
ORD000404,2025-05-15,P007,Sandwich,Snack,4,140.0,70.0,15.0,Returning,Wallet
ORD000405,2024-06-20,P007,Sandwich,Snack,5,140.0,70.0,5.0,New,Card
ORD000406,2024-03-04,P001,Burger,Meals,3,180.0,90.0,5.0,New,UPI
ORD000407,2025-01-02,P008,Combo Meal,Combos,4,320.0,180.0,15.0,Returning,UPI
ORD000408,2024-01-05,P005,Lemonade,Drinks,5,80.0,30.0,5.0,New,Cash
ORD000409,2025-08-07,P003,Pasta,Meal,4,220.0,120.0,,New,Cash
ORD000410,2025-07-05,P005,Lemonade,Drinks,4,80.0,30.0,10.0,New,Card
ORD000411,2025-07-21,P004,Cold Coffee,Beverages,5,120.0,50.0,15.0,Returning,Card
ORD000412,2025-03-01,P007,Sandwich,Snack,3,140.0,70.0,,New,Wallet
ORD000413,2025-05-22,P004,Cold Coffee,Beverages,1,120.0,50.0,15.0,New,Wallet
ORD000414,2025-02-22,P002,Pizza,Meals,2,250.0,130.0,,Returning,Wallet
ORD000415,2024-05-08,P002,Pizza,Meals,4,250.0,130.0,10.0,Returning,Card
ORD000416,2025-04-16,P005,Lemonade,Drinks,3,80.0,30.0,25.0,New,Card
ORD000417,2025-11-12,P003,Pasta,Meal,1,220.0,120.0,,New,Wallet
ORD000418,2024-11-10,P002,Pizza,Meals,4,250.0,130.0,5.0,New,UPI
ORD000419,2024-04-30,P002,Pizza,Meals,4,250.0,130.0,15.0,New,UPI
ORD000420,2025-03-28,P004,Cold Coffee,Beverages,2,120.0,50.0,0.0,New,Cash
ORD000421,2025-01-26,P002,Pizza,Meals,1,250.0,130.0,5.0,New,Wallet
ORD000422,2024-04-28,P001,Burger,Meals,2,180.0,90.0,10.0,New,Cash
ORD000423,2025-07-09,P005,Lemonade,Drinks,3,80.0,30.0,10.0,New,Cash
ORD000424,2024-08-18,P006,French Fries,Snacks,5,100.0,45.0,5.0,Returning,UPI
ORD000425,2025-04-21,P001,Burger,Meals,5,180.0,90.0,10.0,New,Card
ORD000426,2024-09-13,P006,French Fries,Snacks,4,100.0,45.0,,New,Card
ORD000427,2025-03-19,P005,Lemonade,Drinks,1,80.0,30.0,0.0,Returning,Cash
ORD000428,2024-01-22,P001,Burger,Meals,1,180.0,90.0,25.0,New,Wallet
ORD000429,2024-01-17,P005,Lemonade,Drinks,4,80.0,30.0,,Returning,UPI
ORD000430,2025-01-24,P007,Sandwich,Snack,1,140.0,70.0,20.0,New,Card
ORD000431,2024-10-16,P007,Sandwich,Snack,2,140.0,70.0,15.0,Returning,Cash
ORD000432,2024-12-08,P006,French Fries,Snacks,3,100.0,45.0,0.0,Returning,Wallet
ORD000433,2024-02-15,P003,Pasta,Meal,1,220.0,120.0,,Returning,Cash
ORD000434,2025-07-12,P001,Burger,Meals,1,180.0,90.0,20.0,New,UPI
ORD000435,2025-07-01,P003,Pasta,Meal,4,220.0,120.0,,Returning,Card
ORD000436,2024-01-22,P004,Cold Coffee,Beverages,1,120.0,50.0,20.0,New,Cash
ORD000437,2024-09-27,P004,Cold Coffee,Beverages,4,120.0,50.0,10.0,Returning,UPI
ORD000438,2025-06-24,P004,Cold Coffee,Beverages,4,120.0,50.0,20.0,Returning,UPI
ORD000439,2025-11-05,P008,Combo Meal,Combos,5,320.0,180.0,25.0,New,Cash
ORD000440,2024-06-26,P007,Sandwich,Snack,1,140.0,70.0,10.0,Returning,Card
ORD000441,2025-12-13,P005,Lemonade,Drinks,3,80.0,30.0,,New,Cash
ORD000442,2025-10-10,P002,Pizza,Meals,2,250.0,130.0,,Returning,Wallet
ORD000443,2024-09-10,P004,Cold Coffee,Beverages,4,120.0,50.0,10.0,New,UPI
ORD000444,2025-02-28,P004,Cold Coffee,Beverages,5,120.0,50.0,,Returning,Cash
ORD000445,2024-06-30,P004,Cold Coffee,Beverages,1,120.0,50.0,5.0,New,UPI
ORD000446,2025-08-31,P007,Sandwich,Snack,5,140.0,70.0,25.0,New,Cash
ORD000447,2025-07-17,P007,Sandwich,Snack,3,140.0,70.0,25.0,New,Wallet
ORD000448,2025-10-10,P008,Combo Meal,Combos,2,320.0,180.0,10.0,Returning,Wallet
ORD000449,2024-05-09,P003,Pasta,Meal,5,220.0,120.0,,Returning,Wallet
ORD000450,2024-10-01,P008,Combo Meal,Combos,3,320.0,180.0,25.0,Returning,Card
ORD000451,2024-08-26,P001,Burger,Meals,5,180.0,90.0,,New,Wallet
ORD000452,2025-12-27,P003,Pasta,Meal,3,220.0,120.0,20.0,Returning,Cash
ORD000453,2024-11-26,P001,Burger,Meals,3,180.0,90.0,15.0,New,Card
ORD000454,2025-02-27,P006,French Fries,Snacks,3,100.0,45.0,25.0,Returning,UPI
ORD000455,2024-07-01,P002,Pizza,Meals,3,250.0,130.0,0.0,New,Card
ORD000456,2025-11-07,P006,French Fries,Snacks,3,100.0,45.0,15.0,New,Cash
ORD000457,2025-02-02,P001,Burger,Meals,4,180.0,90.0,15.0,New,Cash
ORD000458,2025-09-09,P004,Cold Coffee,Beverages,2,120.0,50.0,15.0,Returning,Cash
ORD000459,2024-03-23,P004,Cold Coffee,Beverages,5,120.0,50.0,,New,Cash
ORD000460,2024-04-01,P007,Sandwich,Snack,4,140.0,70.0,0.0,Returning,Card
ORD000461,2024-10-21,P007,Sandwich,Snack,1,140.0,70.0,25.0,New,UPI
ORD000462,2024-10-29,P004,Cold Coffee,Beverages,3,120.0,50.0,10.0,New,UPI
ORD000463,2024-03-15,P005,Lemonade,Drinks,2,80.0,30.0,25.0,New,UPI
ORD000464,2024-06-08,P006,French Fries,Snacks,3,100.0,45.0,20.0,Returning,Wallet
ORD000465,2025-07-07,P003,Pasta,Meal,3,220.0,120.0,20.0,New,UPI
ORD000466,2024-04-15,P005,Lemonade,Drinks,3,80.0,30.0,15.0,New,Cash
ORD000467,2024-02-14,P005,Lemonade,Drinks,3,80.0,30.0,20.0,New,Wallet
ORD000468,2024-06-07,P002,Pizza,Meals,5,250.0,130.0,5.0,New,Card
ORD000469,2025-01-22,P002,Pizza,Meals,5,250.0,130.0,5.0,Returning,Cash
ORD000470,2024-02-08,P002,Pizza,Meals,4,250.0,130.0,0.0,New,Wallet
ORD000471,2025-01-26,P002,Pizza,Meals,4,250.0,130.0,,Returning,Card
ORD000472,2024-10-23,P007,Sandwich,Snack,5,140.0,70.0,25.0,Returning,Wallet
ORD000473,2024-07-18,P008,Combo Meal,Combos,4,320.0,180.0,15.0,New,Card
ORD000474,2024-11-13,P002,Pizza,Meals,1,250.0,130.0,,New,Cash
ORD000475,2025-08-10,P005,Lemonade,Drinks,5,80.0,30.0,15.0,Returning,Card
ORD000476,2025-12-18,P005,Lemonade,Drinks,4,80.0,30.0,20.0,New,UPI
ORD000477,2024-08-02,P005,Lemonade,Drinks,5,80.0,30.0,25.0,New,Card
ORD000478,2025-05-17,P008,Combo Meal,Combos,3,320.0,180.0,,New,Card
ORD000479,2025-05-18,P004,Cold Coffee,Beverages,1,120.0,50.0,,Returning,Wallet
ORD000480,2025-04-15,P006,French Fries,Snacks,5,100.0,45.0,10.0,New,Wallet
ORD000481,2025-01-24,P004,Cold Coffee,Beverages,5,120.0,50.0,25.0,New,Cash
ORD000482,2025-06-04,P003,Pasta,Meal,3,220.0,120.0,20.0,New,UPI
ORD000483,2024-09-30,P006,French Fries,Snacks,2,100.0,45.0,0.0,Returning,UPI
ORD000484,2025-05-05,P003,Pasta,Meal,1,220.0,120.0,15.0,Returning,UPI
ORD000485,2025-12-28,P001,Burger,Meals,5,180.0,90.0,20.0,New,Card
ORD000486,2025-03-15,P008,Combo Meal,Combos,1,320.0,180.0,5.0,New,Wallet
ORD000487,2024-08-01,P002,Pizza,Meals,4,250.0,130.0,,New,Card
ORD000488,2024-11-19,P004,Cold Coffee,Beverages,1,120.0,50.0,,Returning,Wallet
ORD000489,2024-12-11,P004,Cold Coffee,Beverages,4,120.0,50.0,20.0,New,Cash
ORD000490,2025-11-16,P006,French Fries,Snacks,5,100.0,45.0,,New,Cash
ORD000491,2024-08-06,P008,Combo Meal,Combos,2,320.0,180.0,0.0,New,Wallet
ORD000492,2025-08-07,P001,Burger,Meals,3,180.0,90.0,5.0,New,Cash
ORD000493,2024-01-25,P005,Lemonade,Drinks,4,80.0,30.0,10.0,New,Cash
ORD000494,2025-04-02,P001,Burger,Meals,3,180.0,90.0,,New,UPI
ORD000495,2025-11-01,P001,Burger,Meals,4,180.0,90.0,10.0,New,Card
ORD000496,2024-04-16,P004,Cold Coffee,Beverages,3,120.0,50.0,10.0,New,Cash
ORD000497,2024-08-01,P004,Cold Coffee,Beverages,3,120.0,50.0,,New,Cash
ORD000498,2025-07-06,P004,Cold Coffee,Beverages,4,120.0,50.0,20.0,New,Card
ORD000499,2025-07-09,P004,Cold Coffee,Beverages,1,120.0,50.0,0.0,Returning,Card
ORD000500,2024-09-02,P007,Sandwich,Snack,4,140.0,70.0,,New,UPI
ORD000501,2025-08-14,P008,Combo Meal,Combos,5,320.0,180.0,0.0,New,UPI
ORD000502,2024-12-28,P006,French Fries,Snacks,1,100.0,45.0,10.0,Returning,Wallet
ORD000503,2025-09-19,P002,Pizza,Meals,5,250.0,130.0,,Returning,UPI
ORD000504,2025-10-18,P002,Pizza,Meals,4,250.0,130.0,,New,Wallet
ORD000505,2025-01-02,P005,Lemonade,Drinks,4,80.0,30.0,20.0,Returning,Cash
ORD000506,2024-11-18,P003,Pasta,Meal,2,220.0,120.0,25.0,New,Cash
ORD000507,2024-08-31,P005,Lemonade,Drinks,2,80.0,30.0,5.0,Returning,Cash
ORD000508,2024-11-11,P007,Sandwich,Snack,1,140.0,70.0,10.0,New,Wallet
ORD000509,2025-04-23,P005,Lemonade,Drinks,5,80.0,30.0,0.0,New,UPI
ORD000510,2024-11-09,P003,Pasta,Meal,5,220.0,120.0,15.0,Returning,UPI
ORD000511,2024-05-17,P003,Pasta,Meal,4,220.0,120.0,20.0,New,Wallet
ORD000512,2024-01-25,P006,French Fries,Snacks,4,100.0,45.0,25.0,New,Wallet
ORD000513,2024-10-28,P001,Burger,Meals,2,180.0,90.0,25.0,New,Card
ORD000514,2024-12-15,P003,Pasta,Meal,1,220.0,120.0,0.0,Returning,Cash
ORD000515,2024-06-01,P008,Combo Meal,Combos,1,320.0,180.0,15.0,Returning,UPI
ORD000516,2024-04-03,P006,French Fries,Snacks,1,100.0,45.0,,Returning,Cash
ORD000517,2025-03-30,P008,Combo Meal,Combos,5,320.0,180.0,25.0,New,Card
ORD000518,2024-09-09,P007,Sandwich,Snack,4,140.0,70.0,15.0,Returning,Card
ORD000519,2025-12-07,P007,Sandwich,Snack,4,140.0,70.0,10.0,Returning,UPI
ORD000520,2024-03-06,P007,Sandwich,Snack,5,140.0,70.0,15.0,Returning,UPI
ORD000521,2025-06-24,P003,Pasta,Meal,2,220.0,120.0,,Returning,Wallet
ORD000522,2025-09-15,P006,French Fries,Snacks,3,100.0,45.0,20.0,New,UPI
ORD000523,2024-01-24,P006,French Fries,Snacks,4,100.0,45.0,0.0,Returning,UPI
ORD000524,2024-04-12,P007,Sandwich,Snack,5,140.0,70.0,25.0,New,Wallet
ORD000525,2024-07-13,P001,Burger,Meals,5,180.0,90.0,25.0,Returning,UPI
ORD000526,2024-01-26,P007,Sandwich,Snack,5,140.0,70.0,0.0,New,Cash
ORD000527,2025-09-03,P003,Pasta,Meal,4,220.0,120.0,25.0,Returning,UPI
ORD000528,2025-02-21,P008,Combo Meal,Combos,4,320.0,180.0,,New,Wallet
ORD000529,2024-08-31,P004,Cold Coffee,Beverages,2,120.0,50.0,15.0,Returning,UPI
ORD000530,2025-07-06,P005,Lemonade,Drinks,3,80.0,30.0,25.0,New,Wallet
ORD000531,2024-03-26,P008,Combo Meal,Combos,1,320.0,180.0,10.0,Returning,UPI
ORD000532,2024-02-17,P007,Sandwich,Snack,2,140.0,70.0,15.0,New,UPI
ORD000533,2025-07-11,P006,French Fries,Snacks,4,100.0,45.0,10.0,New,Wallet
ORD000534,2024-06-15,P003,Pasta,Meal,5,220.0,120.0,,New,Wallet
ORD000535,2024-07-22,P002,Pizza,Meals,2,250.0,130.0,,Returning,Wallet
ORD000536,2024-10-10,P003,Pasta,Meal,2,220.0,120.0,,New,UPI
ORD000537,2025-12-31,P007,Sandwich,Snack,2,140.0,70.0,,New,Wallet
ORD000538,2025-08-22,P005,Lemonade,Drinks,1,80.0,30.0,,Returning,Wallet
ORD000539,2025-10-08,P007,Sandwich,Snack,1,140.0,70.0,,New,Card
ORD000540,2025-11-22,P002,Pizza,Meals,2,250.0,130.0,25.0,Returning,Cash
ORD000541,2024-09-18,P003,Pasta,Meal,1,220.0,120.0,0.0,New,Card
ORD000542,2024-12-27,P003,Pasta,Meal,1,220.0,120.0,,New,Cash
ORD000543,2024-06-10,P006,French Fries,Snacks,5,100.0,45.0,0.0,Returning,Card
ORD000544,2025-10-05,P007,Sandwich,Snack,3,140.0,70.0,20.0,New,Cash
ORD000545,2025-09-01,P002,Pizza,Meals,2,250.0,130.0,25.0,New,UPI
ORD000546,2025-09-16,P006,French Fries,Snacks,1,100.0,45.0,25.0,Returning,Card
ORD000547,2024-07-17,P004,Cold Coffee,Beverages,2,120.0,50.0,,Returning,UPI
ORD000548,2025-03-11,P004,Cold Coffee,Beverages,4,120.0,50.0,5.0,Returning,UPI
ORD000549,2025-03-10,P007,Sandwich,Snack,2,140.0,70.0,0.0,New,Cash
ORD000550,2024-01-11,P006,French Fries,Snacks,1,100.0,45.0,15.0,New,Card
ORD000551,2025-01-05,P007,Sandwich,Snack,2,140.0,70.0,5.0,Returning,UPI
ORD000552,2025-07-17,P004,Cold Coffee,Beverages,5,120.0,50.0,,Returning,UPI
ORD000553,2025-10-24,P005,Lemonade,Drinks,1,80.0,30.0,,Returning,Wallet
ORD000554,2025-08-14,P005,Lemonade,Drinks,2,80.0,30.0,0.0,New,Wallet
ORD000555,2024-11-11,P006,French Fries,Snacks,1,100.0,45.0,,New,Wallet
ORD000556,2025-12-31,P007,Sandwich,Snack,5,140.0,70.0,15.0,Returning,Card
ORD000557,2025-02-22,P008,Combo Meal,Combos,3,320.0,180.0,,New,Card
ORD000558,2024-05-24,P004,Cold Coffee,Beverages,1,120.0,50.0,,New,Wallet
ORD000559,2025-09-11,P007,Sandwich,Snack,4,140.0,70.0,,Returning,Wallet
ORD000560,2025-10-26,P006,French Fries,Snacks,5,100.0,45.0,,New,UPI
ORD000561,2024-07-08,P004,Cold Coffee,Beverages,3,120.0,50.0,20.0,Returning,UPI
ORD000562,2025-06-03,P006,French Fries,Snacks,4,100.0,45.0,20.0,Returning,Wallet
ORD000563,2025-12-31,P007,Sandwich,Snack,4,140.0,70.0,10.0,Returning,Wallet
ORD000564,2025-06-13,P005,Lemonade,Drinks,2,80.0,30.0,25.0,New,Card
ORD000565,2024-08-11,P003,Pasta,Meal,4,220.0,120.0,5.0,Returning,Wallet
ORD000566,2025-03-12,P003,Pasta,Meal,1,220.0,120.0,15.0,New,UPI
ORD000567,2025-02-01,P005,Lemonade,Drinks,3,80.0,30.0,20.0,New,Wallet
ORD000568,2024-07-31,P008,Combo Meal,Combos,2,320.0,180.0,10.0,New,Wallet
ORD000569,2025-04-28,P006,French Fries,Snacks,3,100.0,45.0,15.0,New,Card
ORD000570,2024-08-05,P002,Pizza,Meals,1,250.0,130.0,,New,Card
ORD000571,2024-10-25,P002,Pizza,Meals,4,250.0,130.0,,New,Card
ORD000572,2025-01-13,P004,Cold Coffee,Beverages,2,120.0,50.0,25.0,New,UPI
ORD000573,2024-02-17,P002,Pizza,Meals,1,250.0,130.0,,Returning,Wallet
ORD000574,2025-08-06,P005,Lemonade,Drinks,1,80.0,30.0,15.0,Returning,Wallet
ORD000575,2025-07-21,P006,French Fries,Snacks,4,100.0,45.0,0.0,Returning,UPI
ORD000576,2024-01-28,P002,Pizza,Meals,5,250.0,130.0,10.0,Returning,UPI
ORD000577,2024-06-28,P001,Burger,Meals,1,180.0,90.0,10.0,New,UPI
ORD000578,2025-07-18,P002,Pizza,Meals,4,250.0,130.0,5.0,New,Cash
ORD000579,2025-04-24,P005,Lemonade,Drinks,1,80.0,30.0,0.0,Returning,Card
ORD000580,2025-07-11,P007,Sandwich,Snack,4,140.0,70.0,20.0,Returning,UPI
ORD000581,2025-09-14,P008,Combo Meal,Combos,1,320.0,180.0,10.0,New,Card
ORD000582,2025-12-27,P002,Pizza,Meals,2,250.0,130.0,20.0,New,Wallet
ORD000583,2024-08-24,P007,Sandwich,Snack,1,140.0,70.0,0.0,New,UPI
ORD000584,2025-02-10,P005,Lemonade,Drinks,4,80.0,30.0,10.0,Returning,UPI
ORD000585,2024-08-05,P001,Burger,Meals,5,180.0,90.0,15.0,Returning,UPI
ORD000586,2024-08-09,P003,Pasta,Meal,3,220.0,120.0,5.0,New,Card
ORD000587,2024-12-02,P008,Combo Meal,Combos,1,320.0,180.0,0.0,New,Card
ORD000588,2024-09-03,P003,Pasta,Meal,5,220.0,120.0,25.0,Returning,Wallet
ORD000589,2025-02-08,P005,Lemonade,Drinks,2,80.0,30.0,15.0,New,Cash
ORD000590,2024-06-08,P002,Pizza,Meals,4,250.0,130.0,0.0,New,UPI
ORD000591,2024-12-13,P007,Sandwich,Snack,3,140.0,70.0,0.0,New,Card
ORD000592,2025-01-14,P001,Burger,Meals,2,180.0,90.0,15.0,Returning,Cash
ORD000593,2024-03-20,P008,Combo Meal,Combos,4,320.0,180.0,10.0,New,UPI
ORD000594,2025-06-19,P003,Pasta,Meal,3,220.0,120.0,0.0,New,UPI
ORD000595,2024-03-15,P007,Sandwich,Snack,1,140.0,70.0,5.0,Returning,UPI
ORD000596,2024-11-11,P001,Burger,Meals,2,180.0,90.0,15.0,Returning,Wallet
ORD000597,2024-07-10,P008,Combo Meal,Combos,2,320.0,180.0,20.0,Returning,Cash
ORD000598,2024-05-13,P008,Combo Meal,Combos,3,320.0,180.0,,Returning,Cash
ORD000599,2024-10-03,P003,Pasta,Meal,5,220.0,120.0,10.0,New,Wallet
ORD000600,2024-06-26,P006,French Fries,Snacks,4,100.0,45.0,,New,Cash
ORD000601,2024-02-20,P006,French Fries,Snacks,5,100.0,45.0,10.0,New,Wallet
ORD000602,2024-10-14,P002,Pizza,Meals,1,250.0,130.0,20.0,Returning,Cash
ORD000603,2024-02-21,P001,Burger,Meals,3,180.0,90.0,,New,Cash
ORD000604,2025-06-09,P008,Combo Meal,Combos,4,320.0,180.0,5.0,Returning,Wallet
ORD000605,2025-11-20,P008,Combo Meal,Combos,3,320.0,180.0,,New,Card
ORD000606,2024-03-14,P003,Pasta,Meal,3,220.0,120.0,25.0,Returning,Wallet
ORD000607,2024-02-10,P001,Burger,Meals,4,180.0,90.0,5.0,Returning,UPI
ORD000608,2024-07-23,P001,Burger,Meals,5,180.0,90.0,,Returning,Cash
ORD000609,2025-11-22,P003,Pasta,Meal,1,220.0,120.0,0.0,New,UPI
ORD000610,2024-12-31,P005,Lemonade,Drinks,2,80.0,30.0,5.0,Returning,UPI
ORD000611,2024-01-03,P002,Pizza,Meals,4,250.0,130.0,,Returning,Wallet
ORD000612,2024-08-29,P003,Pasta,Meal,3,220.0,120.0,5.0,Returning,Cash
ORD000613,2024-02-21,P004,Cold Coffee,Beverages,4,120.0,50.0,,Returning,Wallet
ORD000614,2024-05-02,P008,Combo Meal,Combos,4,320.0,180.0,20.0,New,Cash
ORD000615,2025-08-29,P002,Pizza,Meals,4,250.0,130.0,,New,Card
ORD000616,2024-11-20,P005,Lemonade,Drinks,3,80.0,30.0,10.0,New,UPI
ORD000617,2024-06-09,P002,Pizza,Meals,2,250.0,130.0,,New,Wallet
ORD000618,2025-04-08,P007,Sandwich,Snack,3,140.0,70.0,,Returning,Wallet
ORD000619,2024-10-01,P006,French Fries,Snacks,2,100.0,45.0,,New,UPI
ORD000620,2024-09-24,P005,Lemonade,Drinks,3,80.0,30.0,20.0,New,UPI
ORD000621,2024-02-14,P002,Pizza,Meals,3,250.0,130.0,,New,Wallet
ORD000622,2024-03-31,P008,Combo Meal,Combos,5,320.0,180.0,0.0,Returning,Cash
ORD000623,2024-01-27,P002,Pizza,Meals,2,250.0,130.0,,New,Wallet
ORD000624,2025-02-12,P001,Burger,Meals,2,180.0,90.0,20.0,New,Cash
ORD000625,2024-10-11,P002,Pizza,Meals,5,250.0,130.0,,New,Wallet
ORD000626,2025-05-26,P002,Pizza,Meals,1,250.0,130.0,5.0,New,Card
ORD000627,2025-09-23,P002,Pizza,Meals,1,250.0,130.0,20.0,Returning,Wallet
ORD000628,2025-04-16,P004,Cold Coffee,Beverages,5,120.0,50.0,15.0,New,Cash
ORD000629,2024-11-21,P006,French Fries,Snacks,2,100.0,45.0,5.0,New,Cash
ORD000630,2024-05-23,P008,Combo Meal,Combos,3,320.0,180.0,,Returning,Card
ORD000631,2025-10-04,P005,Lemonade,Drinks,4,80.0,30.0,,Returning,Wallet
ORD000632,2024-08-10,P003,Pasta,Meal,1,220.0,120.0,20.0,Returning,Cash
ORD000633,2025-10-10,P006,French Fries,Snacks,2,100.0,45.0,15.0,New,Wallet
ORD000634,2025-10-07,P005,Lemonade,Drinks,2,80.0,30.0,5.0,Returning,UPI
ORD000635,2025-05-10,P006,French Fries,Snacks,3,100.0,45.0,0.0,Returning,Wallet
ORD000636,2024-06-23,P007,Sandwich,Snack,1,140.0,70.0,,Returning,Wallet
ORD000637,2025-07-05,P003,Pasta,Meal,3,220.0,120.0,25.0,New,Cash
ORD000638,2024-05-23,P008,Combo Meal,Combos,1,320.0,180.0,25.0,Returning,Wallet
ORD000639,2024-04-30,P007,Sandwich,Snack,5,140.0,70.0,20.0,New,UPI
ORD000640,2025-01-02,P002,Pizza,Meals,1,250.0,130.0,0.0,New,Card
ORD000641,2025-05-16,P001,Burger,Meals,3,180.0,90.0,5.0,Returning,Wallet
ORD000642,2024-11-27,P006,French Fries,Snacks,3,100.0,45.0,15.0,Returning,Cash
ORD000643,2025-04-24,P007,Sandwich,Snack,3,140.0,70.0,25.0,Returning,Cash
ORD000644,2025-12-22,P008,Combo Meal,Combos,4,320.0,180.0,,Returning,Wallet
ORD000645,2025-08-29,P002,Pizza,Meals,1,250.0,130.0,,New,UPI
ORD000646,2024-12-31,P005,Lemonade,Drinks,5,80.0,30.0,25.0,New,UPI
ORD000647,2025-11-11,P003,Pasta,Meal,4,220.0,120.0,,New,Cash
ORD000648,2025-07-15,P006,French Fries,Snacks,4,100.0,45.0,0.0,Returning,Wallet
ORD000649,2025-04-11,P004,Cold Coffee,Beverages,4,120.0,50.0,25.0,Returning,Cash
ORD000650,2024-10-18,P004,Cold Coffee,Beverages,3,120.0,50.0,5.0,Returning,UPI
ORD000651,2024-05-24,P003,Pasta,Meal,5,220.0,120.0,15.0,Returning,UPI
ORD000652,2025-01-31,P004,Cold Coffee,Beverages,3,120.0,50.0,10.0,Returning,UPI
ORD000653,2025-08-04,P004,Cold Coffee,Beverages,2,120.0,50.0,,Returning,Card
ORD000654,2024-03-17,P005,Lemonade,Drinks,5,80.0,30.0,,New,Card
ORD000655,2024-03-30,P004,Cold Coffee,Beverages,2,120.0,50.0,10.0,Returning,Card
ORD000656,2025-08-03,P007,Sandwich,Snack,4,140.0,70.0,,Returning,Cash
ORD000657,2025-03-25,P003,Pasta,Meal,4,220.0,120.0,20.0,New,UPI
ORD000658,2025-02-27,P006,French Fries,Snacks,3,100.0,45.0,10.0,New,Wallet
ORD000659,2025-04-21,P001,Burger,Meals,5,180.0,90.0,5.0,New,Wallet
ORD000660,2024-04-05,P008,Combo Meal,Combos,2,320.0,180.0,,New,Card
ORD000661,2024-02-16,P006,French Fries,Snacks,1,100.0,45.0,,Returning,Wallet
ORD000662,2025-02-10,P007,Sandwich,Snack,1,140.0,70.0,,New,Wallet
ORD000663,2025-08-16,P003,Pasta,Meal,2,220.0,120.0,,Returning,Cash
ORD000664,2025-04-12,P005,Lemonade,Drinks,4,80.0,30.0,15.0,New,Card
ORD000665,2025-01-10,P007,Sandwich,Snack,4,140.0,70.0,25.0,New,Cash
ORD000666,2024-04-28,P003,Pasta,Meal,2,220.0,120.0,25.0,Returning,Wallet
ORD000667,2025-12-23,P001,Burger,Meals,3,180.0,90.0,20.0,Returning,Wallet
ORD000668,2025-10-23,P005,Lemonade,Drinks,3,80.0,30.0,20.0,New,Card
ORD000669,2024-07-27,P004,Cold Coffee,Beverages,2,120.0,50.0,25.0,Returning,Cash
ORD000670,2025-04-17,P005,Lemonade,Drinks,3,80.0,30.0,5.0,New,Cash
ORD000671,2025-08-26,P006,French Fries,Snacks,3,100.0,45.0,,New,Wallet
ORD000672,2025-07-06,P001,Burger,Meals,1,180.0,90.0,10.0,New,Card
ORD000673,2024-02-08,P003,Pasta,Meal,1,220.0,120.0,,Returning,UPI
ORD000674,2024-12-03,P007,Sandwich,Snack,5,140.0,70.0,25.0,Returning,Card
ORD000675,2025-10-10,P008,Combo Meal,Combos,3,320.0,180.0,5.0,New,Wallet
ORD000676,2025-08-07,P004,Cold Coffee,Beverages,4,120.0,50.0,15.0,Returning,Cash
ORD000677,2024-07-06,P002,Pizza,Meals,3,250.0,130.0,,Returning,Card
ORD000678,2025-04-01,P008,Combo Meal,Combos,1,320.0,180.0,0.0,Returning,Card
ORD000679,2024-06-15,P006,French Fries,Snacks,3,100.0,45.0,25.0,Returning,Card
ORD000680,2025-02-03,P006,French Fries,Snacks,1,100.0,45.0,20.0,Returning,UPI
ORD000681,2024-06-07,P006,French Fries,Snacks,4,100.0,45.0,10.0,New,UPI
ORD000682,2025-12-10,P004,Cold Coffee,Beverages,5,120.0,50.0,10.0,New,Cash
ORD000683,2024-10-11,P003,Pasta,Meal,4,220.0,120.0,,Returning,Wallet
ORD000684,2024-02-28,P002,Pizza,Meals,5,250.0,130.0,5.0,Returning,Cash
ORD000685,2024-03-14,P007,Sandwich,Snack,5,140.0,70.0,15.0,New,UPI
ORD000686,2025-01-20,P007,Sandwich,Snack,2,140.0,70.0,15.0,Returning,Wallet
ORD000687,2025-08-25,P006,French Fries,Snacks,4,100.0,45.0,0.0,New,Cash
ORD000688,2024-04-09,P002,Pizza,Meals,2,250.0,130.0,5.0,New,UPI
ORD000689,2024-11-01,P001,Burger,Meals,2,180.0,90.0,,New,Cash
ORD000690,2024-03-13,P002,Pizza,Meals,3,250.0,130.0,20.0,Returning,Wallet
ORD000691,2025-10-20,P003,Pasta,Meal,3,220.0,120.0,15.0,New,Wallet
ORD000692,2024-11-11,P001,Burger,Meals,3,180.0,90.0,,New,Cash
ORD000693,2025-08-22,P008,Combo Meal,Combos,4,320.0,180.0,20.0,New,Cash
ORD000694,2024-01-14,P003,Pasta,Meal,3,220.0,120.0,0.0,New,Card
ORD000695,2024-07-20,P003,Pasta,Meal,3,220.0,120.0,,Returning,Cash
ORD000696,2025-09-07,P008,Combo Meal,Combos,1,320.0,180.0,10.0,New,Wallet
ORD000697,2025-01-26,P008,Combo Meal,Combos,1,320.0,180.0,0.0,Returning,UPI
ORD000698,2024-02-28,P001,Burger,Meals,2,180.0,90.0,5.0,Returning,Cash
ORD000699,2025-09-14,P003,Pasta,Meal,4,220.0,120.0,,Returning,UPI
ORD000700,2024-02-01,P003,Pasta,Meal,1,220.0,120.0,10.0,New,UPI
ORD000701,2025-05-05,P005,Lemonade,Drinks,3,80.0,30.0,15.0,New,Wallet
ORD000702,2025-09-28,P003,Pasta,Meal,5,220.0,120.0,0.0,Returning,Cash
ORD000703,2024-06-08,P008,Combo Meal,Combos,3,320.0,180.0,10.0,New,Cash
ORD000704,2025-02-26,P004,Cold Coffee,Beverages,1,120.0,50.0,,Returning,Wallet
ORD000705,2024-06-08,P008,Combo Meal,Combos,2,320.0,180.0,5.0,Returning,UPI
ORD000706,2024-07-21,P003,Pasta,Meal,4,220.0,120.0,5.0,New,UPI
ORD000707,2024-08-17,P007,Sandwich,Snack,1,140.0,70.0,15.0,New,Cash
ORD000708,2024-12-23,P001,Burger,Meals,5,180.0,90.0,0.0,Returning,Wallet
ORD000709,2024-09-06,P008,Combo Meal,Combos,2,320.0,180.0,10.0,New,Wallet
ORD000710,2025-11-06,P002,Pizza,Meals,4,250.0,130.0,25.0,New,UPI
ORD000711,2025-02-02,P003,Pasta,Meal,5,220.0,120.0,,New,UPI
ORD000712,2025-12-17,P004,Cold Coffee,Beverages,3,120.0,50.0,0.0,New,Wallet
ORD000713,2025-09-07,P007,Sandwich,Snack,1,140.0,70.0,5.0,New,UPI
ORD000714,2024-05-27,P006,French Fries,Snacks,1,100.0,45.0,5.0,New,Cash
ORD000715,2024-11-02,P001,Burger,Meals,4,180.0,90.0,0.0,Returning,Card
ORD000716,2025-12-26,P007,Sandwich,Snack,3,140.0,70.0,20.0,Returning,Card
ORD000717,2025-08-08,P003,Pasta,Meal,4,220.0,120.0,25.0,New,Wallet
ORD000718,2024-04-26,P006,French Fries,Snacks,4,100.0,45.0,25.0,Returning,UPI
ORD000719,2025-12-08,P006,French Fries,Snacks,4,100.0,45.0,0.0,Returning,Wallet
ORD000720,2024-05-13,P004,Cold Coffee,Beverages,4,120.0,50.0,20.0,New,UPI
ORD000721,2025-07-06,P004,Cold Coffee,Beverages,3,120.0,50.0,25.0,Returning,Card
ORD000722,2024-03-12,P008,Combo Meal,Combos,2,320.0,180.0,0.0,New,Wallet
ORD000723,2024-06-11,P008,Combo Meal,Combos,4,320.0,180.0,5.0,New,Cash
ORD000724,2024-05-21,P003,Pasta,Meal,5,220.0,120.0,,Returning,Cash
ORD000725,2025-10-31,P008,Combo Meal,Combos,4,320.0,180.0,0.0,New,Wallet
ORD000726,2025-07-21,P004,Cold Coffee,Beverages,1,120.0,50.0,15.0,New,UPI
ORD000727,2025-12-01,P001,Burger,Meals,4,180.0,90.0,20.0,Returning,Card
ORD000728,2025-04-29,P001,Burger,Meals,3,180.0,90.0,25.0,Returning,UPI
ORD000729,2024-01-11,P002,Pizza,Meals,2,250.0,130.0,10.0,New,Card
ORD000730,2025-09-21,P006,French Fries,Snacks,2,100.0,45.0,25.0,Returning,UPI
ORD000731,2025-12-29,P001,Burger,Meals,3,180.0,90.0,,Returning,UPI
ORD000732,2025-06-04,P005,Lemonade,Drinks,1,80.0,30.0,,Returning,Wallet
ORD000733,2025-05-01,P005,Lemonade,Drinks,3,80.0,30.0,25.0,Returning,UPI
ORD000734,2025-06-02,P001,Burger,Meals,4,180.0,90.0,25.0,Returning,Wallet
ORD000735,2024-11-09,P002,Pizza,Meals,5,250.0,130.0,,Returning,Card
ORD000736,2024-08-30,P004,Cold Coffee,Beverages,2,120.0,50.0,10.0,New,Cash
ORD000737,2025-10-29,P001,Burger,Meals,3,180.0,90.0,25.0,Returning,Wallet
ORD000738,2024-03-12,P005,Lemonade,Drinks,4,80.0,30.0,0.0,New,Card
ORD000739,2024-12-25,P004,Cold Coffee,Beverages,3,120.0,50.0,,New,Card
ORD000740,2024-04-11,P005,Lemonade,Drinks,1,80.0,30.0,,New,Card
ORD000741,2024-10-05,P006,French Fries,Snacks,2,100.0,45.0,,Returning,Wallet
ORD000742,2025-01-04,P001,Burger,Meals,3,180.0,90.0,0.0,New,Cash
ORD000743,2024-06-29,P007,Sandwich,Snack,3,140.0,70.0,,New,Card
ORD000744,2024-04-27,P007,Sandwich,Snack,4,140.0,70.0,15.0,New,Wallet
ORD000745,2024-05-19,P008,Combo Meal,Combos,1,320.0,180.0,10.0,New,UPI
ORD000746,2025-05-08,P007,Sandwich,Snack,2,140.0,70.0,15.0,Returning,Cash
ORD000747,2025-10-05,P006,French Fries,Snacks,1,100.0,45.0,,New,UPI
ORD000748,2024-05-11,P002,Pizza,Meals,1,250.0,130.0,,New,Cash
ORD000749,2025-02-06,P003,Pasta,Meal,2,220.0,120.0,10.0,New,Card
ORD000750,2024-10-02,P001,Burger,Meals,5,180.0,90.0,10.0,New,Cash
ORD000751,2025-11-16,P004,Cold Coffee,Beverages,1,120.0,50.0,,New,Card
ORD000752,2024-12-17,P008,Combo Meal,Combos,5,320.0,180.0,10.0,New,Card
ORD000753,2024-03-29,P003,Pasta,Meal,4,220.0,120.0,10.0,New,UPI
ORD000754,2024-05-20,P004,Cold Coffee,Beverages,4,120.0,50.0,15.0,Returning,Wallet
ORD000755,2025-10-23,P003,Pasta,Meal,5,220.0,120.0,15.0,New,Cash
ORD000756,2025-10-23,P005,Lemonade,Drinks,4,80.0,30.0,10.0,Returning,UPI
ORD000757,2025-11-09,P002,Pizza,Meals,5,250.0,130.0,0.0,Returning,UPI
ORD000758,2025-05-27,P008,Combo Meal,Combos,2,320.0,180.0,0.0,Returning,Wallet
ORD000759,2025-05-01,P001,Burger,Meals,3,180.0,90.0,10.0,Returning,Wallet
ORD000760,2025-06-03,P006,French Fries,Snacks,2,100.0,45.0,25.0,New,Card
ORD000761,2025-09-06,P002,Pizza,Meals,2,250.0,130.0,25.0,New,Wallet
ORD000762,2024-02-19,P001,Burger,Meals,3,180.0,90.0,,New,Cash
ORD000763,2024-09-20,P007,Sandwich,Snack,2,140.0,70.0,15.0,New,Cash
ORD000764,2024-07-06,P002,Pizza,Meals,3,250.0,130.0,15.0,New,UPI
ORD000765,2025-05-24,P004,Cold Coffee,Beverages,4,120.0,50.0,,Returning,Cash
ORD000766,2024-01-26,P006,French Fries,Snacks,4,100.0,45.0,,Returning,Cash
ORD000767,2024-09-17,P001,Burger,Meals,3,180.0,90.0,25.0,New,Wallet
ORD000768,2025-07-30,P008,Combo Meal,Combos,5,320.0,180.0,0.0,New,Wallet
ORD000769,2024-10-10,P004,Cold Coffee,Beverages,2,120.0,50.0,,New,Cash
ORD000770,2025-05-20,P005,Lemonade,Drinks,1,80.0,30.0,10.0,New,Wallet
ORD000771,2025-03-24,P002,Pizza,Meals,4,250.0,130.0,15.0,Returning,Cash
ORD000772,2024-04-21,P001,Burger,Meals,4,180.0,90.0,15.0,New,UPI
ORD000773,2024-11-30,P005,Lemonade,Drinks,4,80.0,30.0,,New,Card
ORD000774,2024-09-13,P002,Pizza,Meals,1,250.0,130.0,25.0,Returning,Wallet
ORD000775,2024-08-06,P001,Burger,Meals,1,180.0,90.0,5.0,Returning,Card
ORD000776,2024-08-05,P008,Combo Meal,Combos,4,320.0,180.0,5.0,Returning,Wallet
ORD000777,2024-01-21,P007,Sandwich,Snack,1,140.0,70.0,15.0,New,Card
ORD000778,2025-03-25,P007,Sandwich,Snack,2,140.0,70.0,0.0,New,Wallet
ORD000779,2025-08-28,P004,Cold Coffee,Beverages,5,120.0,50.0,,Returning,Card
ORD000780,2024-07-08,P003,Pasta,Meal,2,220.0,120.0,0.0,Returning,UPI
ORD000781,2025-09-13,P007,Sandwich,Snack,3,140.0,70.0,,New,Cash
ORD000782,2025-08-19,P001,Burger,Meals,5,180.0,90.0,25.0,New,UPI
ORD000783,2025-02-04,P001,Burger,Meals,3,180.0,90.0,0.0,Returning,UPI
ORD000784,2024-10-15,P006,French Fries,Snacks,5,100.0,45.0,0.0,New,Wallet
ORD000785,2024-05-13,P008,Combo Meal,Combos,2,320.0,180.0,0.0,New,Card
ORD000786,2024-08-06,P004,Cold Coffee,Beverages,2,120.0,50.0,,New,UPI
ORD000787,2024-01-17,P008,Combo Meal,Combos,1,320.0,180.0,5.0,Returning,Cash
ORD000788,2025-07-03,P001,Burger,Meals,2,180.0,90.0,,New,Cash
ORD000789,2025-03-04,P003,Pasta,Meal,4,220.0,120.0,5.0,Returning,UPI
ORD000790,2024-04-23,P002,Pizza,Meals,1,250.0,130.0,5.0,New,UPI
ORD000791,2025-09-02,P003,Pasta,Meal,1,220.0,120.0,25.0,New,Wallet
ORD000792,2024-12-05,P004,Cold Coffee,Beverages,3,120.0,50.0,15.0,Returning,Cash
ORD000793,2025-03-22,P002,Pizza,Meals,4,250.0,130.0,,New,UPI
ORD000794,2024-01-27,P001,Burger,Meals,1,180.0,90.0,,Returning,Card
ORD000795,2024-12-11,P002,Pizza,Meals,4,250.0,130.0,20.0,Returning,Cash
ORD000796,2024-11-10,P003,Pasta,Meal,2,220.0,120.0,5.0,Returning,UPI
ORD000797,2024-05-27,P002,Pizza,Meals,3,250.0,130.0,,Returning,Wallet
ORD000798,2024-12-09,P002,Pizza,Meals,1,250.0,130.0,15.0,Returning,Cash
ORD000799,2024-03-03,P006,French Fries,Snacks,4,100.0,45.0,,New,Card
ORD000800,2025-05-26,P006,French Fries,Snacks,1,100.0,45.0,,Returning,Wallet
ORD000801,2024-09-04,P001,Burger,Meals,5,180.0,90.0,5.0,New,Wallet
ORD000802,2024-09-13,P004,Cold Coffee,Beverages,3,120.0,50.0,20.0,Returning,UPI
ORD000803,2025-12-13,P006,French Fries,Snacks,4,100.0,45.0,0.0,Returning,Card
ORD000804,2024-12-31,P006,French Fries,Snacks,2,100.0,45.0,,Returning,Wallet
ORD000805,2025-01-28,P006,French Fries,Snacks,5,100.0,45.0,25.0,Returning,Card
ORD000806,2025-04-11,P006,French Fries,Snacks,5,100.0,45.0,25.0,New,Cash
ORD000807,2025-12-07,P001,Burger,Meals,2,180.0,90.0,20.0,New,Cash
ORD000808,2025-03-08,P002,Pizza,Meals,5,250.0,130.0,10.0,New,Card
ORD000809,2024-07-28,P003,Pasta,Meal,1,220.0,120.0,10.0,Returning,UPI
ORD000810,2024-11-13,P007,Sandwich,Snack,5,140.0,70.0,,Returning,Wallet
ORD000811,2025-02-26,P007,Sandwich,Snack,4,140.0,70.0,5.0,New,Card
ORD000812,2025-01-07,P002,Pizza,Meals,1,250.0,130.0,25.0,New,Wallet
ORD000813,2025-07-11,P005,Lemonade,Drinks,2,80.0,30.0,25.0,New,Wallet
ORD000814,2024-02-01,P007,Sandwich,Snack,3,140.0,70.0,25.0,New,Wallet
ORD000815,2025-04-18,P005,Lemonade,Drinks,2,80.0,30.0,10.0,Returning,Wallet
ORD000816,2025-04-04,P004,Cold Coffee,Beverages,2,120.0,50.0,5.0,Returning,Cash
ORD000817,2024-03-30,P003,Pasta,Meal,3,220.0,120.0,20.0,New,Card
ORD000818,2024-03-20,P001,Burger,Meals,3,180.0,90.0,25.0,New,Cash
ORD000819,2025-01-01,P006,French Fries,Snacks,1,100.0,45.0,,Returning,UPI
ORD000820,2025-10-27,P007,Sandwich,Snack,4,140.0,70.0,,Returning,Card
ORD000821,2024-12-16,P007,Sandwich,Snack,2,140.0,70.0,,New,UPI
ORD000822,2025-09-24,P001,Burger,Meals,1,180.0,90.0,25.0,Returning,Card
ORD000823,2025-01-01,P008,Combo Meal,Combos,5,320.0,180.0,15.0,New,UPI
ORD000824,2025-06-05,P004,Cold Coffee,Beverages,2,120.0,50.0,20.0,New,Card
ORD000825,2025-11-23,P004,Cold Coffee,Beverages,2,120.0,50.0,10.0,Returning,Card
ORD000826,2024-06-05,P004,Cold Coffee,Beverages,1,120.0,50.0,15.0,New,Cash
ORD000827,2025-09-13,P008,Combo Meal,Combos,5,320.0,180.0,,New,UPI
ORD000828,2025-05-12,P005,Lemonade,Drinks,3,80.0,30.0,25.0,Returning,UPI
ORD000829,2024-10-01,P008,Combo Meal,Combos,5,320.0,180.0,,New,Wallet
ORD000830,2025-09-23,P003,Pasta,Meal,1,220.0,120.0,5.0,New,Cash
ORD000831,2024-02-19,P007,Sandwich,Snack,1,140.0,70.0,5.0,Returning,UPI
ORD000832,2025-06-18,P007,Sandwich,Snack,4,140.0,70.0,10.0,New,Cash
ORD000833,2025-07-23,P002,Pizza,Meals,1,250.0,130.0,20.0,Returning,Card
ORD000834,2024-06-18,P005,Lemonade,Drinks,5,80.0,30.0,15.0,New,Cash
ORD000835,2025-07-11,P006,French Fries,Snacks,5,100.0,45.0,0.0,Returning,Wallet
ORD000836,2025-10-03,P008,Combo Meal,Combos,2,320.0,180.0,20.0,Returning,Cash
ORD000837,2024-06-09,P005,Lemonade,Drinks,4,80.0,30.0,15.0,New,UPI
ORD000838,2024-02-12,P003,Pasta,Meal,4,220.0,120.0,,New,Wallet
ORD000839,2024-06-08,P001,Burger,Meals,2,180.0,90.0,15.0,New,Cash
ORD000840,2025-02-22,P002,Pizza,Meals,2,250.0,130.0,,New,Card
ORD000841,2025-12-16,P008,Combo Meal,Combos,2,320.0,180.0,20.0,New,Cash
ORD000842,2025-01-24,P006,French Fries,Snacks,3,100.0,45.0,0.0,Returning,Wallet
ORD000843,2024-08-24,P006,French Fries,Snacks,4,100.0,45.0,25.0,Returning,Card
ORD000844,2025-12-18,P001,Burger,Meals,2,180.0,90.0,15.0,New,Card
ORD000845,2025-09-19,P001,Burger,Meals,2,180.0,90.0,0.0,Returning,Cash
ORD000846,2025-08-25,P002,Pizza,Meals,5,250.0,130.0,0.0,Returning,Card
ORD000847,2025-10-22,P004,Cold Coffee,Beverages,5,120.0,50.0,0.0,New,Cash
ORD000848,2024-01-30,P006,French Fries,Snacks,4,100.0,45.0,,Returning,UPI
ORD000849,2024-08-22,P005,Lemonade,Drinks,2,80.0,30.0,,New,UPI
ORD000850,2024-05-18,P006,French Fries,Snacks,3,100.0,45.0,5.0,New,UPI
ORD000851,2024-01-29,P008,Combo Meal,Combos,3,320.0,180.0,5.0,New,Card
ORD000852,2025-07-02,P002,Pizza,Meals,2,250.0,130.0,10.0,New,Wallet
ORD000853,2024-01-01,P003,Pasta,Meal,5,220.0,120.0,0.0,New,UPI
ORD000854,2024-05-06,P008,Combo Meal,Combos,1,320.0,180.0,15.0,New,Card
ORD000855,2025-10-22,P005,Lemonade,Drinks,1,80.0,30.0,10.0,New,Card
ORD000856,2024-12-16,P006,French Fries,Snacks,3,100.0,45.0,5.0,Returning,Cash
ORD000857,2024-06-19,P005,Lemonade,Drinks,2,80.0,30.0,,Returning,UPI
ORD000858,2025-04-07,P003,Pasta,Meal,4,220.0,120.0,5.0,New,UPI
ORD000859,2025-08-13,P005,Lemonade,Drinks,1,80.0,30.0,0.0,New,Cash
ORD000860,2025-11-16,P001,Burger,Meals,5,180.0,90.0,5.0,New,Wallet
ORD000861,2025-04-15,P003,Pasta,Meal,3,220.0,120.0,15.0,Returning,Card
ORD000862,2024-10-27,P001,Burger,Meals,4,180.0,90.0,25.0,New,Wallet
ORD000863,2025-08-22,P006,French Fries,Snacks,3,100.0,45.0,0.0,Returning,Card
ORD000864,2024-07-31,P008,Combo Meal,Combos,1,320.0,180.0,,New,Cash
ORD000865,2024-06-27,P003,Pasta,Meal,1,220.0,120.0,0.0,New,Wallet
ORD000866,2024-08-27,P004,Cold Coffee,Beverages,3,120.0,50.0,25.0,New,UPI
ORD000867,2025-11-20,P002,Pizza,Meals,5,250.0,130.0,0.0,New,UPI
ORD000868,2025-06-28,P006,French Fries,Snacks,1,100.0,45.0,10.0,New,Cash
ORD000869,2025-09-11,P006,French Fries,Snacks,5,100.0,45.0,25.0,Returning,Cash
ORD000870,2024-11-03,P003,Pasta,Meal,2,220.0,120.0,10.0,Returning,UPI
ORD000871,2024-03-16,P008,Combo Meal,Combos,5,320.0,180.0,25.0,Returning,Card
ORD000872,2024-07-13,P002,Pizza,Meals,5,250.0,130.0,10.0,New,Card
ORD000873,2025-12-18,P008,Combo Meal,Combos,5,320.0,180.0,10.0,Returning,Card
ORD000874,2025-08-01,P004,Cold Coffee,Beverages,1,120.0,50.0,10.0,New,Cash
ORD000875,2024-01-18,P002,Pizza,Meals,4,250.0,130.0,10.0,Returning,Card
ORD000876,2025-11-22,P002,Pizza,Meals,1,250.0,130.0,10.0,Returning,Wallet
ORD000877,2024-12-05,P008,Combo Meal,Combos,5,320.0,180.0,,Returning,Wallet
ORD000878,2024-10-23,P004,Cold Coffee,Beverages,4,120.0,50.0,,Returning,Card
ORD000879,2024-08-06,P003,Pasta,Meal,4,220.0,120.0,,Returning,Wallet
ORD000880,2025-02-11,P001,Burger,Meals,4,180.0,90.0,20.0,Returning,Wallet
ORD000881,2024-01-04,P003,Pasta,Meal,1,220.0,120.0,10.0,New,UPI
ORD000882,2024-11-13,P008,Combo Meal,Combos,3,320.0,180.0,15.0,Returning,Card
ORD000883,2025-04-13,P008,Combo Meal,Combos,3,320.0,180.0,15.0,New,Wallet
ORD000884,2024-11-01,P004,Cold Coffee,Beverages,1,120.0,50.0,20.0,New,Wallet
ORD000885,2025-06-04,P002,Pizza,Meals,1,250.0,130.0,25.0,Returning,Card
ORD000886,2024-11-18,P005,Lemonade,Drinks,3,80.0,30.0,10.0,New,UPI
ORD000887,2025-09-06,P004,Cold Coffee,Beverages,5,120.0,50.0,10.0,New,Cash
ORD000888,2024-08-27,P003,Pasta,Meal,3,220.0,120.0,5.0,Returning,Cash
ORD000889,2024-07-31,P002,Pizza,Meals,3,250.0,130.0,15.0,New,Wallet
ORD000890,2025-08-09,P007,Sandwich,Snack,1,140.0,70.0,20.0,New,Wallet
ORD000891,2024-08-16,P008,Combo Meal,Combos,3,320.0,180.0,,New,Cash
ORD000892,2024-01-12,P006,French Fries,Snacks,4,100.0,45.0,0.0,Returning,Cash
ORD000893,2024-07-25,P003,Pasta,Meal,3,220.0,120.0,5.0,Returning,Wallet
ORD000894,2025-08-24,P003,Pasta,Meal,5,220.0,120.0,15.0,Returning,UPI
ORD000895,2024-02-17,P008,Combo Meal,Combos,5,320.0,180.0,10.0,New,UPI
ORD000896,2025-08-29,P002,Pizza,Meals,3,250.0,130.0,5.0,Returning,Wallet
ORD000897,2025-03-02,P007,Sandwich,Snack,1,140.0,70.0,10.0,New,Card
ORD000898,2025-12-15,P005,Lemonade,Drinks,3,80.0,30.0,0.0,New,Wallet
ORD000899,2024-03-10,P007,Sandwich,Snack,2,140.0,70.0,15.0,New,Card
ORD000900,2024-01-12,P003,Pasta,Meal,2,220.0,120.0,15.0,Returning,Card
ORD000901,2024-01-03,P006,French Fries,Snacks,3,100.0,45.0,0.0,New,Wallet
ORD000902,2025-10-28,P004,Cold Coffee,Beverages,4,120.0,50.0,5.0,Returning,Wallet
ORD000903,2025-12-07,P003,Pasta,Meal,2,220.0,120.0,0.0,New,Card
ORD000904,2024-11-30,P008,Combo Meal,Combos,4,320.0,180.0,15.0,Returning,UPI
ORD000905,2024-08-03,P001,Burger,Meals,4,180.0,90.0,,Returning,Wallet
ORD000906,2024-10-11,P003,Pasta,Meal,3,220.0,120.0,15.0,Returning,UPI
ORD000907,2024-09-29,P008,Combo Meal,Combos,5,320.0,180.0,,Returning,Cash
ORD000908,2025-09-14,P001,Burger,Meals,4,180.0,90.0,15.0,Returning,UPI
ORD000909,2024-03-08,P003,Pasta,Meal,3,220.0,120.0,20.0,New,UPI
ORD000910,2025-10-22,P006,French Fries,Snacks,3,100.0,45.0,0.0,New,Wallet
ORD000911,2025-07-06,P005,Lemonade,Drinks,1,80.0,30.0,,New,Cash
ORD000912,2024-12-11,P004,Cold Coffee,Beverages,3,120.0,50.0,25.0,New,Cash
ORD000913,2025-08-30,P006,French Fries,Snacks,2,100.0,45.0,,New,Cash
ORD000914,2024-01-20,P001,Burger,Meals,1,180.0,90.0,0.0,New,Wallet
ORD000915,2025-07-28,P007,Sandwich,Snack,2,140.0,70.0,20.0,Returning,Card
ORD000916,2025-08-10,P001,Burger,Meals,4,180.0,90.0,25.0,Returning,Card
ORD000917,2025-04-05,P002,Pizza,Meals,3,250.0,130.0,5.0,Returning,Cash
ORD000918,2025-04-26,P004,Cold Coffee,Beverages,1,120.0,50.0,0.0,Returning,Wallet
ORD000919,2025-10-17,P004,Cold Coffee,Beverages,3,120.0,50.0,15.0,New,Card
ORD000920,2025-04-01,P002,Pizza,Meals,1,250.0,130.0,10.0,New,UPI
ORD000921,2025-01-21,P001,Burger,Meals,2,180.0,90.0,,New,Cash
ORD000922,2025-11-13,P007,Sandwich,Snack,5,140.0,70.0,25.0,Returning,Card
ORD000923,2025-07-07,P002,Pizza,Meals,2,250.0,130.0,,Returning,Wallet
ORD000924,2025-01-29,P001,Burger,Meals,4,180.0,90.0,15.0,New,Cash
ORD000925,2024-03-27,P007,Sandwich,Snack,4,140.0,70.0,25.0,New,Cash
ORD000926,2024-10-17,P004,Cold Coffee,Beverages,1,120.0,50.0,,Returning,UPI
ORD000927,2024-04-24,P006,French Fries,Snacks,5,100.0,45.0,,Returning,Wallet
ORD000928,2025-08-09,P001,Burger,Meals,5,180.0,90.0,20.0,New,UPI
ORD000929,2024-06-25,P005,Lemonade,Drinks,5,80.0,30.0,,New,Cash
ORD000930,2025-03-15,P007,Sandwich,Snack,1,140.0,70.0,5.0,Returning,Wallet
ORD000931,2025-07-05,P007,Sandwich,Snack,5,140.0,70.0,25.0,New,Cash
ORD000932,2025-11-08,P005,Lemonade,Drinks,1,80.0,30.0,0.0,Returning,Card
ORD000933,2024-12-10,P002,Pizza,Meals,4,250.0,130.0,15.0,Returning,Wallet
ORD000934,2024-01-13,P008,Combo Meal,Combos,3,320.0,180.0,,Returning,Wallet
ORD000935,2025-09-21,P008,Combo Meal,Combos,1,320.0,180.0,,New,Card
ORD000936,2025-06-29,P003,Pasta,Meal,3,220.0,120.0,10.0,New,UPI
ORD000937,2025-02-09,P001,Burger,Meals,4,180.0,90.0,20.0,Returning,UPI
ORD000938,2025-02-07,P003,Pasta,Meal,1,220.0,120.0,0.0,New,Cash
ORD000939,2024-05-19,P002,Pizza,Meals,2,250.0,130.0,20.0,New,Wallet
ORD000940,2025-09-19,P002,Pizza,Meals,5,250.0,130.0,,Returning,Wallet
ORD000941,2024-02-10,P004,Cold Coffee,Beverages,3,120.0,50.0,10.0,New,Wallet
ORD000942,2024-04-18,P006,French Fries,Snacks,2,100.0,45.0,,New,UPI
ORD000943,2024-12-30,P003,Pasta,Meal,5,220.0,120.0,10.0,Returning,UPI
ORD000944,2025-02-13,P008,Combo Meal,Combos,1,320.0,180.0,25.0,Returning,UPI
ORD000945,2024-02-06,P001,Burger,Meals,2,180.0,90.0,5.0,New,UPI
ORD000946,2024-07-09,P002,Pizza,Meals,3,250.0,130.0,10.0,Returning,Card
ORD000947,2025-09-19,P008,Combo Meal,Combos,3,320.0,180.0,20.0,Returning,Wallet
ORD000948,2024-01-06,P002,Pizza,Meals,1,250.0,130.0,5.0,New,Cash
ORD000949,2025-12-11,P002,Pizza,Meals,2,250.0,130.0,10.0,Returning,Wallet
ORD000950,2025-10-17,P007,Sandwich,Snack,2,140.0,70.0,5.0,New,UPI
ORD000951,2025-04-19,P001,Burger,Meals,5,180.0,90.0,25.0,Returning,Wallet
ORD000952,2024-05-17,P007,Sandwich,Snack,4,140.0,70.0,20.0,Returning,Wallet
ORD000953,2025-08-30,P003,Pasta,Meal,4,220.0,120.0,0.0,Returning,UPI
ORD000954,2025-02-02,P006,French Fries,Snacks,5,100.0,45.0,,Returning,Card
ORD000955,2024-05-30,P003,Pasta,Meal,5,220.0,120.0,20.0,Returning,Cash
ORD000956,2025-08-12,P002,Pizza,Meals,1,250.0,130.0,,Returning,Card
ORD000957,2024-04-03,P007,Sandwich,Snack,2,140.0,70.0,20.0,Returning,Card
ORD000958,2024-01-04,P004,Cold Coffee,Beverages,5,120.0,50.0,,New,Card
ORD000959,2025-10-01,P003,Pasta,Meal,5,220.0,120.0,,Returning,UPI
ORD000960,2025-06-08,P006,French Fries,Snacks,1,100.0,45.0,0.0,New,UPI
ORD000961,2024-12-09,P003,Pasta,Meal,3,220.0,120.0,20.0,New,Wallet
ORD000962,2024-09-25,P002,Pizza,Meals,1,250.0,130.0,10.0,Returning,Cash
ORD000963,2025-04-19,P002,Pizza,Meals,3,250.0,130.0,20.0,Returning,UPI
ORD000964,2024-12-06,P006,French Fries,Snacks,1,100.0,45.0,15.0,Returning,Cash
ORD000965,2024-10-11,P001,Burger,Meals,1,180.0,90.0,15.0,Returning,UPI
ORD000966,2025-07-11,P002,Pizza,Meals,5,250.0,130.0,5.0,New,Cash
ORD000967,2024-02-22,P008,Combo Meal,Combos,5,320.0,180.0,10.0,New,Cash
ORD000968,2024-12-08,P004,Cold Coffee,Beverages,3,120.0,50.0,15.0,New,Wallet
ORD000969,2024-03-08,P007,Sandwich,Snack,1,140.0,70.0,10.0,New,Cash
ORD000970,2024-09-15,P001,Burger,Meals,5,180.0,90.0,25.0,New,Card
ORD000971,2024-10-20,P002,Pizza,Meals,4,250.0,130.0,25.0,New,Card
ORD000972,2024-03-19,P008,Combo Meal,Combos,3,320.0,180.0,,Returning,UPI
ORD000973,2024-02-19,P004,Cold Coffee,Beverages,5,120.0,50.0,,Returning,Cash
ORD000974,2024-11-01,P005,Lemonade,Drinks,4,80.0,30.0,,New,UPI
ORD000975,2024-10-03,P002,Pizza,Meals,3,250.0,130.0,0.0,New,UPI
ORD000976,2024-07-14,P006,French Fries,Snacks,3,100.0,45.0,,New,UPI
ORD000977,2024-01-31,P005,Lemonade,Drinks,5,80.0,30.0,0.0,New,Cash
ORD000978,2024-11-07,P006,French Fries,Snacks,3,100.0,45.0,20.0,New,UPI
ORD000979,2024-04-28,P006,French Fries,Snacks,5,100.0,45.0,10.0,New,Card
ORD000980,2024-04-12,P002,Pizza,Meals,3,250.0,130.0,25.0,Returning,Wallet
ORD000981,2024-11-22,P005,Lemonade,Drinks,4,80.0,30.0,25.0,New,Wallet
ORD000982,2024-01-29,P001,Burger,Meals,2,180.0,90.0,25.0,Returning,Wallet
ORD000983,2025-10-02,P003,Pasta,Meal,1,220.0,120.0,,Returning,Cash
ORD000984,2025-09-21,P005,Lemonade,Drinks,5,80.0,30.0,20.0,New,UPI
ORD000985,2025-02-17,P008,Combo Meal,Combos,5,320.0,180.0,25.0,Returning,Wallet
ORD000986,2024-05-15,P007,Sandwich,Snack,4,140.0,70.0,25.0,Returning,Wallet
ORD000987,2025-12-29,P003,Pasta,Meal,2,220.0,120.0,20.0,New,Card
ORD000988,2024-12-14,P008,Combo Meal,Combos,5,320.0,180.0,,Returning,Card
ORD000989,2025-11-18,P006,French Fries,Snacks,4,100.0,45.0,,New,Card
ORD000990,2024-12-28,P001,Burger,Meals,3,180.0,90.0,10.0,Returning,Cash
ORD000991,2025-04-10,P004,Cold Coffee,Beverages,2,120.0,50.0,0.0,New,Card
ORD000992,2024-03-10,P004,Cold Coffee,Beverages,2,120.0,50.0,0.0,New,Wallet
ORD000993,2024-01-03,P004,Cold Coffee,Beverages,1,120.0,50.0,15.0,New,UPI
ORD000994,2024-03-07,P006,French Fries,Snacks,2,100.0,45.0,10.0,Returning,UPI
ORD000995,2025-10-15,P008,Combo Meal,Combos,5,320.0,180.0,,Returning,UPI
ORD000996,2025-06-13,P005,Lemonade,Drinks,5,80.0,30.0,,Returning,Wallet
ORD000997,2024-11-09,P001,Burger,Meals,1,180.0,90.0,0.0,New,Cash
ORD000998,2024-10-08,P001,Burger,Meals,4,180.0,90.0,25.0,New,UPI
ORD000999,2025-03-26,P001,Burger,Meals,3,180.0,90.0,0.0,New,Wallet
ORD001000,2025-08-27,P008,Combo Meal,Combos,3,320.0,180.0,5.0,Returning,Card
